surface,status,net_C6H12O,net_C6H12,net_H2O2,net_H2O,theta_OOH,theta_OH,theta_O,theta_vacant,balance_max_relative_error
tife,solved,3.7695017893694286e-26,-2.2318154680078263e-56,-2.2318154680078263e-56,2.2318154680078263e-56,9.74650234316803e-39,6.272127932277017e-13,9.341585819163479e-51,7.045470531853076e-16,1.0
timn,solved,8.354413341276586e-41,-8.354413336621387e-41,-8.354413336621387e-41,8.354413336621387e-41,1.2421083276542215e-11,0.9999190168375784,6.993461452038214e-45,1.1838770002236756e-17,5.572143629877761e-10
tihf,solved,5.5223218268296855e-101,-5.5223218268296855e-101,-5.5223218268296855e-101,5.5223218268296855e-101,7.295818242801354e-13,0.9999999773482546,2.2651015774494446e-08,9.190301051527313e-31,0.0
tire,solved,1.0201420632568863e-35,-4.828953309902608e-33,-1.0593435483926588e-31,-4.950745761245744e-31,1.679478914051356e-14,1.6886095963801626e-10,0.9999999998311222,8.887013859979303e-22,1.000020605826121
timo,solved,2.8113744125738255e-62,3.025933244697144e-54,-2.3408684480614163e-51,1.4626161743244594e-26,1.1793485842428775e-23,0.9999999998257595,1.7424046534108406e-10,1.62447721024242e-38,1.0
tiv,solved,1.6559621847098244e-49,2.082082740343715e-50,2.7866876261075457e-43,1.3522206124110757e-26,2.2665300307833807e-18,1.0,1.2322936296015069e-44,4.003830779813334e-27,1.0
tizr,solved,4.783419833096805e-88,-4.783419833096805e-88,-4.783419833096805e-88,4.783419833096805e-88,9.911632981643544e-15,0.9999999999985928,2.98896872721456e-63,2.1865374850505824e-15,0.0
tico,solved,4.575268919744333e-61,-4.575268919744333e-61,-4.575268919744333e-61,3.1697461770464455e-38,7.7562067387105e-42,1.0541651437649176e-42,2.2321519458350048e-70,0.0003950046974587728,1.0
titi,solved,3.135700288349764e-26,-4.463791622791029e-29,9.00967134029043e-29,1.3423932106449247e-29,0.9999999972989778,2.70091385397218e-09,1.08240171620935e-13,3.140742239735094e-31,1.0028732565334015
tiw,solved,5.261566587998603e-58,1.867754023458858e-123,-2.490338697945144e-122,2.0969039635075692e-26,2.444395129182889e-61,3.15116686816878e-32,5.3118042108887316e-37,2.034995895205598e-62,1.0
tita,solved,1.0774530937836916e-57,1.0621214390698879e-63,-8.135252516375953e-61,4.293119305052274e-26,3.3273614480125986e-30,1.0,2.858614329927296e-40,4.391613910924882e-54,1.0
ticr,solved,2.0515504801593847e-37,-1.082402025534155e-54,-1.082402025534155e-54,1.082402025534155e-54,1.2485670447857068e-16,0.9999999999999999,9.606625709604441e-28,2.5523942887668207e-22,1.0
ti,solved,1.3545624752512841e-108,-4.037876544320097e-123,-4.039373257244958e-123,2.577346073845184e-26,1.9438642944778653e-64,9.317661692914454e-55,7.751659822552741e-93,5.318580244060299e-39,1.0
tini,solved,7.97960949894315e-67,-7.97960949894315e-67,-7.97960949894315e-67,7.97960949894315e-67,1.058309174730435e-31,4.853102843140715e-39,1.7489158083251758e-71,5.416289652940233e-22,0.0
