surface,G_OOH_eV,G_OH_eV,G_O_eV,dG_TS1_minus_IS1,dG_TS1_minus_FS1,dG_TS2_minus_IS2,dG_TS2_minus_FS2,TS_requires_check
tife,-2.793048,-3.7760995,0.6689805,0.159416,2.338399,0.1729815,0.7900475,False
timn,-4.1043285,-4.1689345,0.2964765,0.3343,2.485267,0.1897145,1.4855335,False
tihf,-3.8063665,-3.1592795,0.3350345,0.231842,2.643601,0.223965,2.489443,False
tire,-5.1042155,-3.7482435,-2.449751,0.444846,2.372278,0.217873,1.030708,False
timo,-4.973045,-5.7373755,-3.1477795,0.138184,2.08657,-0.01282,1.762123,True
tiv,-4.737763,-4.8099835,-0.4653015,0.157149,2.344743,-0.024677,1.4606525,True
tizr,-3.8116125,-3.111384,1.7379785,0.277407,2.629427,0.061183,-2.8199355,True
tico,-2.7734525,-2.244517,1.9796865,0.556344,0.79603,0.225994,0.706574,False
titi,-3.975032,-3.8609795,0.463091,0.294617,2.706306,0.156187,1.5902375,False
tiw,-5.2889595,-5.576721,-3.316694,-0.566651,2.109133,0.108238,1.511325,True
tita,-6.172301,-6.484365,-1.925856,-1.174636,1.277901,0.015967,2.02839,True
ticr,-4.6097475,-4.830497,-1.1031765,0.520405,2.778264,-0.1931555,1.245696,True
ti,-3.5361445,-2.5395245,1.922256,0.193563,2.629263,0.277071,-0.1283235,True
tini,-4.1539635,-4.0606515,0.512307,0.51717,2.438391,0.0331075,0.6075165,False
