surface,G_OOH_eV,G_OH_eV,G_O_eV,dG_TS1_minus_IS1,dG_TS1_minus_FS1,dG_TS2_minus_IS2,dG_TS2_minus_FS2,TS_requires_check,status,net_C6H12O,net_C6H12,net_H2O2,net_H2O,theta_OOH,theta_OH,theta_O,theta_vacant,balance_max_relative_error
tife,-2.793048,-3.7760995,0.6689805,0.159416,2.338399,0.1729815,0.7900475,False,solved,3.7695017893694286e-26,-2.2318154680078263e-56,-2.2318154680078263e-56,2.2318154680078263e-56,9.74650234316803e-39,6.272127932277017e-13,9.341585819163479e-51,7.045470531853076e-16,1.0
timn,-4.1043285,-4.1689345,0.2964765,0.3343,2.485267,0.1897145,1.4855335,False,solved,8.354413341276586e-41,-8.354413336621387e-41,-8.354413336621387e-41,8.354413336621387e-41,1.2421083276542215e-11,0.9999190168375784,6.993461452038214e-45,1.1838770002236756e-17,5.572143629877761e-10
tihf,-3.8063665,-3.1592795,0.3350345,0.231842,2.643601,0.223965,2.489443,False,solved,5.5223218268296855e-101,-5.5223218268296855e-101,-5.5223218268296855e-101,5.5223218268296855e-101,7.295818242801354e-13,0.9999999773482546,2.2651015774494446e-08,9.190301051527313e-31,0.0
tire,-5.1042155,-3.7482435,-2.449751,0.444846,2.372278,0.217873,1.030708,False,solved,1.0201420632568863e-35,-4.828953309902608e-33,-1.0593435483926588e-31,-4.950745761245744e-31,1.679478914051356e-14,1.6886095963801626e-10,0.9999999998311222,8.887013859979303e-22,1.000020605826121
timo,-4.973045,-5.7373755,-3.1477795,0.138184,2.08657,-0.01282,1.762123,True,solved,2.8113744125738255e-62,3.025933244697144e-54,-2.3408684480614163e-51,1.4626161743244594e-26,1.1793485842428775e-23,0.9999999998257595,1.7424046534108406e-10,1.62447721024242e-38,1.0
tiv,-4.737763,-4.8099835,-0.4653015,0.157149,2.344743,-0.024677,1.4606525,True,solved,1.6559621847098244e-49,2.082082740343715e-50,2.7866876261075457e-43,1.3522206124110757e-26,2.2665300307833807e-18,1.0,1.2322936296015069e-44,4.003830779813334e-27,1.0
tizr,-3.8116125,-3.111384,1.7379785,0.277407,2.629427,0.061183,-2.8199355,True,solved,4.783419833096805e-88,-4.783419833096805e-88,-4.783419833096805e-88,4.783419833096805e-88,9.911632981643544e-15,0.9999999999985928,2.98896872721456e-63,2.1865374850505824e-15,0.0
tico,-2.7734525,-2.244517,1.9796865,0.556344,0.79603,0.225994,0.706574,False,solved,4.575268919744333e-61,-4.575268919744333e-61,-4.575268919744333e-61,3.1697461770464455e-38,7.7562067387105e-42,1.0541651437649176e-42,2.2321519458350048e-70,0.0003950046974587728,1.0
titi,-3.975032,-3.8609795,0.463091,0.294617,2.706306,0.156187,1.5902375,False,solved,3.135700288349764e-26,-4.463791622791029e-29,9.00967134029043e-29,1.3423932106449247e-29,0.9999999972989778,2.70091385397218e-09,1.08240171620935e-13,3.140742239735094e-31,1.0028732565334015
tiw,-5.2889595,-5.576721,-3.316694,-0.566651,2.109133,0.108238,1.511325,True,solved,5.261566587998603e-58,1.867754023458858e-123,-2.490338697945144e-122,2.0969039635075692e-26,2.444395129182889e-61,3.15116686816878e-32,5.3118042108887316e-37,2.034995895205598e-62,1.0
tita,-6.172301,-6.484365,-1.925856,-1.174636,1.277901,0.015967,2.02839,True,solved,1.0774530937836916e-57,1.0621214390698879e-63,-8.135252516375953e-61,4.293119305052274e-26,3.3273614480125986e-30,1.0,2.858614329927296e-40,4.391613910924882e-54,1.0
ticr,-4.6097475,-4.830497,-1.1031765,0.520405,2.778264,-0.1931555,1.245696,True,solved,2.0515504801593847e-37,-1.082402025534155e-54,-1.082402025534155e-54,1.082402025534155e-54,1.2485670447857068e-16,0.9999999999999999,9.606625709604441e-28,2.5523942887668207e-22,1.0
ti,-3.5361445,-2.5395245,1.922256,0.193563,2.629263,0.277071,-0.1283235,True,solved,1.3545624752512841e-108,-4.037876544320097e-123,-4.039373257244958e-123,2.577346073845184e-26,1.9438642944778653e-64,9.317661692914454e-55,7.751659822552741e-93,5.318580244060299e-39,1.0
tini,-4.1539635,-4.0606515,0.512307,0.51717,2.438391,0.0331075,0.6075165,False,solved,7.97960949894315e-67,-7.97960949894315e-67,-7.97960949894315e-67,7.97960949894315e-67,1.058309174730435e-31,4.853102843140715e-39,1.7489158083251758e-71,5.416289652940233e-22,0.0
