surface,status,run_precision,run_tolerance,temperature_K,pressure_mode,gas_thermo_mode,adsorbate_thermo_mode,gas_effective_activities,kinetic_prefactor_assumption,solver_mode,net_C6H12O,net_C6H12O_high_precision,log10_net_C6H12O,net_C6H12,net_H2O2,net_H2O,theta_OOH,theta_OH,theta_O,theta_vacant,dominant_species,dominant_coverage,cycle_max_relative_error,cycle_max_absolute_error,balance_max_relative_error,balance_max_absolute_error,steady_state_residual_max_abs,steady_state_residual_relative_to_max_rate,coverage_sum_error,cycle_max_rate_abs,quality_status,quality_pass,fit_rate_threshold,step_rate_1,step_rate_2,step_rate_3,step_rate_4,step_rate_5,step_rate_6,step_rate_7,step_rate_8,refinement_stage,refinement_stable,refinement_delta_log10_TOF
tife,solved,180.0,1e-120,333.15,concentration,frozen_gas,frozen_adsorbate,"{'C6H12_g': 1.0, 'H2O2_g': 0.185, 'H2O_g': 0.815, 'C6H12O_g': 1e-20}",CatMAP setup default (no explicit prefactor_list in base file),numbers,2.256379371700658e-56,2.256379371700657784208616138861214692299e-56,-55.64658787934087,-2.256379371700658e-56,-2.256379371700658e-56,2.256379371700658e-56,9.830807082243067e-39,6.272127932277017e-13,9.341585819163479e-51,7.045470531853076e-16,Hb_s,0.999999999999251,4.261911866723117e-06,9.616531004887892e-62,6.69429113181061e-117,1.5104860417976108e-172,1.9233062009775784e-61,8.523823733446235e-06,0.0,2.2563889882316627e-56,validated_single_precision,True,0.0,2.256379371700658e-56,2.256379371700658e-56,2.256379371700658e-56,2.256379371700658e-56,2.256379371700658e-56,2.256379371700658e-56,2.2563889882316627e-56,2.256379371700658e-56,1,False,
tife,solved,260.0,1e-180,333.15,concentration,frozen_gas,frozen_adsorbate,"{'C6H12_g': 1.0, 'H2O2_g': 0.185, 'H2O_g': 0.815, 'C6H12O_g': 1e-20}",CatMAP setup default (no explicit prefactor_list in base file),numbers,2.256379371700658e-56,2.256379371700657784208616138861214692299e-56,-55.64658787934087,-2.256379371700658e-56,-2.256379371700658e-56,2.256379371700658e-56,9.830807082243067e-39,6.272127932277017e-13,9.341585819163479e-51,7.045470531853076e-16,Hb_s,0.999999999999251,4.968260425071425e-50,1.1210280336367904e-105,7.803738634701654e-161,1.7608194877484267e-216,2.242056067273581e-105,9.93652085014285e-50,5.253807105661922e-286,2.256379371700658e-56,validated_single_precision,True,0.0,2.256379371700658e-56,2.256379371700658e-56,2.256379371700658e-56,2.256379371700658e-56,2.256379371700658e-56,2.256379371700658e-56,2.256379371700658e-56,2.256379371700658e-56,2,True,0.0
timn,solved,180.0,1e-120,333.15,concentration,frozen_gas,frozen_adsorbate,"{'C6H12_g': 1.0, 'H2O2_g': 0.185, 'H2O_g': 0.815, 'C6H12O_g': 1e-20}",CatMAP setup default (no explicit prefactor_list in base file),numbers,5.8635210245286976e-83,5.863521024528697306473428097558095124e-83,-82.23184151328168,-5.863521021351735e-83,-5.863521021351735e-83,5.863521021351735e-83,1.2421090015754895e-11,0.9999190168375792,2.1788674467931275e-61,3.8055123800887046e-32,OH_s,0.9999190168375792,0.9999895107290987,1.9251155376167906e-61,5.418182258670212e-10,3.1769625588441174e-92,3.847722434529488e-61,1.9986759233629074,3.737698106661588e-206,1.9251357308869938e-61,failed_steady_state_checks,False,0.0,5.863521021351735e-83,2.5414422012112208e-64,5.863521021351735e-83,2.0193270203072845e-66,5.8635210245286976e-83,2.0686436203558798e-80,1.9251357308869938e-61,5.863521021351735e-83,1,False,
timn,solved,260.0,1e-180,333.15,concentration,frozen_gas,frozen_adsorbate,"{'C6H12_g': 1.0, 'H2O2_g': 0.185, 'H2O_g': 0.815, 'C6H12O_g': 1e-20}",CatMAP setup default (no explicit prefactor_list in base file),numbers,3.241156475094862e-122,3.241156475094861872646912238237842361646e-122,-121.48930000178795,-3.241156473340655e-122,-3.241156473340655e-122,3.241156473340655e-122,1.2421090015754895e-11,0.9999190168375792,6.995959017216902e-75,1.2218828956206746e-45,OH_s,0.9999190168375792,0.9920544051706401,2.599253418424195e-91,5.412286647998203e-10,1.754206791422884e-131,5.234461217119249e-91,1.9978314820438763,1.0507614211323843e-286,2.620071444546537e-91,failed_steady_state_checks,False,0.0,3.241156473340655e-122,2.620071444546537e-91,3.241156473340655e-122,2.0818026122342264e-93,3.241156475094862e-122,1.1422346972430589e-119,5.916564464218243e-94,3.241156473340655e-122,2,False,39.25745848850627
timn,solved,360.0,1e-260,333.15,concentration,frozen_gas,frozen_adsorbate,"{'C6H12_g': 1.0, 'H2O2_g': 0.185, 'H2O_g': 0.815, 'C6H12O_g': 1e-20}",CatMAP setup default (no explicit prefactor_list in base file),numbers,2.2430111501464917e-180,2.243011150146491509244906924617375996376e-180,-179.64916856750708,-2.2430111489325923e-180,-2.2430111489325923e-180,2.2430111489325923e-180,1.2421090015754895e-11,0.9999190168375792,7.155655096682701e-95,1.2497746982336875e-65,OH_s,0.9999190168375792,0.9920544051706404,2.719273617422731e-131,5.41191691584931e-10,1.2138989985916416e-189,5.482381903024361e-131,2.0001007191317193,0.0,2.7410529132774694e-131,failed_steady_state_checks,False,0.0,2.2430111489325923e-180,2.7410529132774694e-131,2.2430111489325923e-180,2.1779295854738507e-133,2.2430111501464917e-180,-6.515620630473631e-174,-1.6443803623201227e-136,2.2430111489325923e-180,3,False,58.15986856571912
timn,FAILED: KeyError: 'turnover_frequency',,,,,,,,,,,,,,,,,,,,,,,,,,,,,,solver_failed,False,,,,,,,,,,4,False,
tihf,solved,180.0,1e-120,333.15,concentration,frozen_gas,frozen_adsorbate,"{'C6H12_g': 1.0, 'H2O2_g': 0.185, 'H2O_g': 0.815, 'C6H12O_g': 1e-20}",CatMAP setup default (no explicit prefactor_list in base file),numbers,5.522321825677694e-101,5.522321825677693982447989644509641545388e-101,-100.25787828747524,-5.522321825677694e-101,-5.522321825677694e-101,5.522321825677694e-101,7.295818242801994e-13,0.9999999773482546,2.2651015774494446e-08,9.190301050568333e-31,OH_s,0.9999999773482546,1.0,2.8700184343610854e-61,2.068156142839308e-84,1.1421023806510905e-184,5.740036868724265e-61,2.0000000000007296,2.491798737774392e-206,2.8700184343610854e-61,failed_steady_state_checks,False,0.0,5.522321825677694e-101,-2.093913332489203e-73,5.522321825677694e-101,5.522321825677694e-101,5.522321825677694e-101,5.5223218256776934e-101,2.8700184343610854e-61,5.522321825677694e-101,1,False,
tihf,solved,260.0,1e-180,333.15,concentration,frozen_gas,frozen_adsorbate,"{'C6H12_g': 1.0, 'H2O2_g': 0.185, 'H2O_g': 0.815, 'C6H12O_g': 1e-20}",CatMAP setup default (no explicit prefactor_list in base file),numbers,2.120788428456168e-131,2.120788428456168042005439164256331650711e-131,-130.6735026548861,-2.120788428456168e-131,-2.120788428456168e-131,2.120788428456168e-131,7.295818288585951e-13,0.9999999773482546,2.2651015774494446e-08,2.592541880455772e-41,OH_s,0.9999999773482546,1.0,2.264045340131077e-91,1.6894396516674737e-64,3.582944063831397e-195,4.528090680263805e-91,2.000000000000729,2.1015228422647686e-286,2.264045340131077e-91,failed_steady_state_checks,False,0.0,2.120788428456168e-131,-1.6513678000824442e-103,2.120788428456168e-131,4.3945438351708617e-122,2.120788428456168e-131,-2.5391675409386795e-127,2.264045340131077e-91,2.120788428456168e-131,2,False,30.41562436741087
tihf,solved,360.0,1e-260,333.15,concentration,frozen_gas,frozen_adsorbate,"{'C6H12_g': 1.0, 'H2O2_g': 0.185, 'H2O_g': 0.815, 'C6H12O_g': 1e-20}",CatMAP setup default (no explicit prefactor_list in base file),numbers,2.2109621171614247e-179,2.210962117161424771933608761379474531766e-179,-178.65541869860115,-2.2109621171614247e-179,-2.2109621171614247e-179,2.2109621171614247e-179,7.295818288585951e-13,0.9999999773482546,2.2651015774494446e-08,8.352424305586322e-58,OH_s,0.9999999773482546,1.0,4.1583945427025084e-131,1.6894396513629722e-64,3.7352870683939364e-243,8.316789080855869e-131,1.9999999989060326,0.0,4.1583945427025084e-131,failed_steady_state_checks,False,0.0,2.2109621171614247e-179,4.549147840450035e-140,2.2109621171614247e-179,4.561286338461415e-155,2.2109621171614247e-179,-4.664132852537509e-167,4.1583945427025084e-131,2.2109621171614247e-179,3,False,47.981916043715046
tihf,solved,460.0,1e-340,333.15,concentration,frozen_gas,frozen_adsorbate,"{'C6H12_g': 1.0, 'H2O2_g': 0.185, 'H2O_g': 0.815, 'C6H12O_g': 1e-20}",CatMAP setup default (no explicit prefactor_list in base file),numbers,1.5322047113842878e-171,1.532204711384287711615529087051001510521e-171,-170.81468320657993,1.0496086606808297e-180,9.110055137563507e-179,2.3236314172510576e-180,0.9999999966646735,5.510081714363777e-13,3.3347755021708087e-09,1.5360830611341523e-74,OOH_s,0.9999999966646735,0.9999861993088822,1.5321835659003366e-171,1.000000059457167,1.5322048024848391e-171,2.1561400888393007e-171,1.4072141097199156,0.0,1.5322047113842878e-171,failed_steady_state_checks,False,0.0,-9.110055137563507e-179,1.5396566940754825e-173,-1.0496086606808297e-180,2.1145483951097008e-176,1.5322047113842878e-171,3.801243709934133e-222,-1.5822053396158766e-189,2.3236314172510576e-180,4,False,7.840735492021224
tire,solved,180.0,1e-120,333.15,concentration,frozen_gas,frozen_adsorbate,"{'C6H12_g': 1.0, 'H2O2_g': 0.185, 'H2O_g': 0.815, 'C6H12O_g': 1e-20}",CatMAP setup default (no explicit prefactor_list in base file),numbers,7.653292114367664e-84,7.653292114367663271799757190416882252519e-84,-83.11615171000298,-7.653292114367664e-84,-7.653292114367664e-84,7.653292114367664e-84,1.6834478146463896e-14,1.6886091995422037e-10,0.9999999998311222,5.939286442833949e-34,O_s,0.9999999998311222,0.9999999999982745,2.7452766306695656e-61,5.010919704317169e-18,3.8350032258780134e-101,5.3689608630331345e-61,1.9557085078578749,3.737698106661588e-206,2.7452766306743024e-61,failed_steady_state_checks,False,0.0,7.653292114367664e-84,1.2608729962742495e-62,7.653292114367664e-84,4.7368990208810584e-73,7.653292114367664e-84,-2.1166008222523995e-64,2.7452766306743024e-61,7.653292114367664e-84,1,False,
tire,solved,260.0,1e-180,333.15,concentration,frozen_gas,frozen_adsorbate,"{'C6H12_g': 1.0, 'H2O2_g': 0.185, 'H2O_g': 0.815, 'C6H12O_g': 1e-20}",CatMAP setup default (no explicit prefactor_list in base file),numbers,2.785613122126504e-125,2.785613122126504120968011764687346638186e-125,-124.55507920040046,-2.785613122126504e-125,-2.785613122126504e-125,2.785613122126504e-125,1.6834478146463896e-14,1.6886091995422037e-10,0.9999999998311222,3.394050483719849e-48,O_s,0.9999999998311222,0.999999999962513,4.126492550632224e-91,5.010919681593107e-18,1.3958483618967724e-142,8.25285297544385e-91,1.9999679810084827,2.1015228422647686e-286,4.126492550786914e-91,failed_steady_state_checks,False,0.0,2.785613122126504e-125,4.126492550786914e-91,2.785613122126504e-125,1.546899788349628e-101,2.785613122126504e-125,-1.0191072031398669e-98,1.3218026171605344e-95,2.785613122126504e-125,2,False,41.438927490397475
tire,solved,360.0,1e-260,333.15,concentration,frozen_gas,frozen_adsorbate,"{'C6H12_g': 1.0, 'H2O2_g': 0.185, 'H2O_g': 0.815, 'C6H12O_g': 1e-20}",CatMAP setup default (no explicit prefactor_list in base file),numbers,1.927625064471626e-183,1.927625064471625963634533222306838905215e-183,-182.71497743530145,-1.927625064471626e-183,-1.927625064471626e-183,1.927625064471626e-183,1.6834478146463896e-14,1.6886091995422037e-10,0.9999999998311222,3.4715261456591443e-68,O_s,0.9999999998311222,0.999999999962513,4.317032837860685e-131,5.0109196815931054e-18,9.659174374293049e-201,8.634065676044131e-131,1.9999999999997906,0.0,4.3170328380225176e-131,failed_steady_state_checks,False,0.0,1.927625064471626e-183,4.3170328380225176e-131,1.927625064471626e-183,1.6183276911129347e-141,1.927625064471626e-183,-6.872685816102832e-147,9.044140515466619e-144,1.927625064471626e-183,3,False,58.15989823490099
tire,solved,460.0,1e-340,333.15,concentration,frozen_gas,frozen_adsorbate,"{'C6H12_g': 1.0, 'H2O2_g': 0.185, 'H2O_g': 0.815, 'C6H12O_g': 1e-20}",CatMAP setup default (no explicit prefactor_list in base file),numbers,4.1370645387613544e-171,4.137064538761354274598644855614341072289e-171,-170.38330770399952,-2.569100463909167e-178,5.184888839223984e-178,7.724516420799227e-179,9.616485283205452e-15,4.2371555682399265e-42,0.9999999999999903,8.472941596029051e-101,O_s,0.9999999999999903,1.0,4.1370645387613544e-171,1.0000001253277242,4.137065057250238e-171,5.850693018713884e-171,1.4142136202848778,0.0,4.1370645387613544e-171,failed_steady_state_checks,False,0.0,-5.184888839223984e-178,2.5611381344711396e-196,2.569100463909167e-178,5.5069447990813676e-207,4.1370645387613544e-171,1.6736941479876394e-214,-4.9874661660586904e-223,7.724516420799227e-179,4,False,12.331669731301929
timo,solved,180.0,1e-120,333.15,concentration,frozen_gas,frozen_adsorbate,"{'C6H12_g': 1.0, 'H2O2_g': 0.185, 'H2O_g': 0.815, 'C6H12O_g': 1e-20}",CatMAP setup default (no explicit prefactor_list in base file),numbers,3.572561772961794e-97,3.572561772961794226189174597189417048359e-97,-96.44702025311096,3.8452129994461874e-89,-2.9746650235108133e-86,1.9961711369772052e-61,1.1793485842428778e-23,0.9999999998257595,1.7424046534108406e-10,1.6466257726552298e-50,OH_s,0.9999999998257595,1.0,1.9961711369772052e-61,1.0,1.9961711369772052e-61,2.823012294730885e-61,1.4142135623730951,4.983597475548784e-206,1.9961711369772052e-61,failed_steady_state_checks,False,0.0,2.9746650235108133e-86,5.477563257486599e-94,-3.8452129994461874e-89,2.9027170331874653e-110,3.572561772961794e-97,2.4110950005508113e-109,1.33419446172002e-80,1.9961711369772052e-61,1,False,
timo,solved,260.0,1e-180,333.15,concentration,frozen_gas,frozen_adsorbate,"{'C6H12_g': 1.0, 'H2O2_g': 0.185, 'H2O_g': 0.815, 'C6H12O_g': 1e-20}",CatMAP setup default (no explicit prefactor_list in base file),numbers,5.5722667902899644e-127,5.572266790289964146446841278535524125709e-127,-126.25396809849772,5.99753176014135e-119,-4.6397034330366727e-116,3.1135075727723166e-91,1.1793485842428778e-23,0.9999999998257595,1.7424046534108406e-10,9.367387946693292e-61,OH_s,0.9999999998257595,1.0,3.1135075727723166e-91,1.0,3.1135075727723166e-91,4.4031646359659463e-91,1.4142135623730951,0.0,3.1135075727723166e-91,failed_steady_state_checks,False,0.0,4.6397034330366727e-116,1.772697360566493e-114,-5.99753176014135e-119,9.394029023200875e-131,5.5722667902899644e-127,1.4200921182125693e-129,2.7586403285276985e-105,3.1135075727723166e-91,2,False,29.80694784538676
timo,solved,360.0,1e-260,333.15,concentration,frozen_gas,frozen_adsorbate,"{'C6H12_g': 1.0, 'H2O2_g': 0.185, 'H2O_g': 0.815, 'C6H12O_g': 1e-20}",CatMAP setup default (no explicit prefactor_list in base file),numbers,5.769017614758624e-167,5.769017614758623467984537468659157804697e-167,-166.23889813499216,6.209298239205318e-159,-4.803526435433249e-156,3.2234422196560297e-131,1.1793485842428778e-23,0.9999999998257595,1.7424046534108406e-10,1.6918329532534767e-74,OH_s,0.9999999998257595,1.0,3.2234422196560297e-131,1.0,3.2234422196560297e-131,4.558635704598391e-131,1.4142135623838912,0.0,3.2234422196560297e-131,failed_steady_state_checks,False,0.0,4.803526435433249e-156,5.782458761788088e-142,-6.209298239205318e-159,3.0642898580465823e-158,5.769017614758624e-167,4.632276393798831e-157,-1.3134648748364368e-136,3.2234422196560297e-131,3,False,39.98493003649443
timo,solved,460.0,1e-340,333.15,concentration,frozen_gas,frozen_adsorbate,"{'C6H12_g': 1.0, 'H2O2_g': 0.185, 'H2O_g': 0.815, 'C6H12O_g': 1e-20}",CatMAP setup default (no explicit prefactor_list in base file),numbers,1.32640700299336e-171,1.326407002993359959633572014488052774081e-171,-170.87732319385552,1.9798392578064157e-182,-1.48667209004809e-179,2.4562698351999484e-179,1.7896313509371694e-42,9.091150513682402e-07,0.9999990908849486,3.1668743000587185e-97,O_s,0.9999990908849486,1.0,1.32640700299336e-171,1.0000000000149263,1.3264070030131583e-171,2.6735544914200504e-171,2.0156365922273665,0.0,1.32640700299336e-171,failed_steady_state_checks,False,0.0,1.48667209004809e-179,2.0260923458535624e-187,-1.9798392578064157e-182,1.6292882465108875e-222,1.32640700299336e-171,4.3671664053751295e-209,6.769890262938639e-172,2.4562698351999484e-179,4,False,4.638425058863362
tiv,solved,180.0,1e-120,333.15,concentration,frozen_gas,frozen_adsorbate,"{'C6H12_g': 1.0, 'H2O2_g': 0.185, 'H2O_g': 0.815, 'C6H12O_g': 1e-20}",CatMAP setup default (no explicit prefactor_list in base file),numbers,2.104318504182605e-84,2.104318504182605092391185893844240215932e-84,-83.6768885258585,2.6458123731323336e-85,3.5411909711104727e-78,1.7183380651516218e-61,2.2665300308071013e-18,1.0,1.2490950621996648e-56,4.0584200934447693e-39,OH_s,1.0,1.0,1.7183380651516218e-61,1.0,1.7183380651516218e-61,2.4300969964793666e-61,1.4142135623730951,1.245899368887196e-206,1.7183380651516218e-61,failed_steady_state_checks,False,0.0,-3.5411909711104727e-78,1.0074763684842936e-83,-2.6458123731323336e-85,5.1311675370959786e-107,2.104318504182605e-84,7.876900059512885e-100,2.4182388542187706e-74,1.7183380651516218e-61,1,False,
tiv,solved,260.0,1e-180,333.15,concentration,frozen_gas,frozen_adsorbate,"{'C6H12_g': 1.0, 'H2O2_g': 0.185, 'H2O_g': 0.815, 'C6H12O_g': 1e-20}",CatMAP setup default (no explicit prefactor_list in base file),numbers,3.28218932582045e-114,3.282189325820450118196036401381683407913e-114,-113.48383637124526,4.126778865441678e-115,5.523336502040262e-108,2.680160272497517e-91,2.2665300308071013e-18,1.0,7.10589997085704e-67,2.3087696122142712e-49,OH_s,1.0,1.0,2.680160272497517e-91,1.0,2.680160272497517e-91,3.7903190066993296e-91,1.4142135623730094,4.2030456845295373e-286,2.680160272497517e-91,failed_steady_state_checks,False,0.0,-5.523336502040262e-108,3.260483949695668e-104,-4.126778865441678e-115,1.6605937201345086e-127,3.28218932582045e-114,2.5491919097144005e-120,5.0008007415755425e-99,2.680160272497517e-91,2,False,29.80694784538676
tiv,solved,360.0,1e-260,333.15,concentration,frozen_gas,frozen_adsorbate,"{'C6H12_g': 1.0, 'H2O2_g': 0.185, 'H2O_g': 0.815, 'C6H12O_g': 1e-20}",CatMAP setup default (no explicit prefactor_list in base file),numbers,3.3980799463202993e-154,3.398079946320299253120319991005089151681e-154,-153.46876640773968,4.272491045911995e-155,5.718359649978538e-148,2.7747938862794216e-131,2.2665300308071013e-18,1.0,1.2833882616618489e-80,4.1698417249743554e-63,OH_s,1.0,1.0,2.7747938862794216e-131,1.0,2.7747938862794216e-131,3.602223206255037e-131,1.2981948764075852,0.0,2.7747938862794216e-131,failed_steady_state_checks,False,0.0,-5.718359649978538e-148,1.063555144944109e-131,-4.272491045911995e-155,5.416781747615014e-155,3.3980799463202993e-154,8.315348926280619e-148,3.85239357466865e-132,2.7747938862794216e-131,3,False,39.98493003649442
tiv,solved,460.0,1e-340,333.15,concentration,frozen_gas,frozen_adsorbate,"{'C6H12_g': 1.0, 'H2O2_g': 0.185, 'H2O_g': 0.815, 'C6H12O_g': 1e-20}",CatMAP setup default (no explicit prefactor_list in base file),numbers,1.3814344544073189e-171,1.381434454407318925612027984503001168155e-171,-170.8596697164402,-8.744411498894285e-179,4.0653282195260975e-179,4.65277232857659e-180,0.9999982241934932,1.7757717862622278e-06,3.472054193113739e-11,1.5527019831712804e-84,OOH_s,0.9999982241934932,0.999999997601245,1.3814344510935963e-171,1.0000000294283107,1.381434495060601e-171,1.9526024928628376e-171,1.4134601078127653,0.0,1.3814344544073189e-171,failed_steady_state_checks,False,0.0,-4.0653282195260975e-179,1.4746776111945682e-174,8.744411498894285e-179,3.313722696739235e-180,1.3814344544073189e-171,1.9130050598461673e-220,-1.1533803786763447e-179,4.65277232857659e-180,4,False,17.39090330870053
tizr,solved,180.0,1e-120,333.15,concentration,frozen_gas,frozen_adsorbate,"{'C6H12_g': 1.0, 'H2O2_g': 0.185, 'H2O_g': 0.815, 'C6H12O_g': 1e-20}",CatMAP setup default (no explicit prefactor_list in base file),numbers,5.788056219246667e-110,5.788056219246666733689999359381522919222e-110,-109.23746725924097,-5.788056219246667e-110,-5.788056219246667e-110,5.788056219246667e-110,4.0961347701699025e-13,0.9999999999995904,7.779310180925183e-75,8.701819030725363e-24,OH_s,0.9999999999995904,1.0,1.4061795261490498e-61,6.079164164475967e-66,3.5186543950016587e-175,2.8123590500271704e-61,1.999999998385036,3.737698106661588e-206,1.4061795261490498e-61,failed_steady_state_checks,False,0.0,5.788056219246667e-110,2.2709292522810445e-70,5.788056219246667e-110,3.130932935145346e-103,5.788056219246667e-110,5.786734931980069e-110,1.4061795261490498e-61,5.788056219246667e-110,1,False,
tizr,solved,260.0,1e-180,333.15,concentration,frozen_gas,frozen_adsorbate,"{'C6H12_g': 1.0, 'H2O2_g': 0.185, 'H2O_g': 0.815, 'C6H12O_g': 1e-20}",CatMAP setup default (no explicit prefactor_list in base file),numbers,1.3792005557482244e-145,1.379200555748224428362928739585996711196e-145,-144.86037257652058,-1.3792005557482244e-145,-1.3792005557482244e-145,1.3792005557482244e-145,4.096134770176248e-13,0.9999999999995904,4.43552366453757e-87,4.961509868824311e-36,OH_s,0.9999999999995904,1.0,4.4371202156047715e-91,6.078711330387935e-66,8.383762045104068e-211,8.873502072926966e-91,1.9998335951593151,0.0,4.4371202156047715e-91,failed_steady_state_checks,False,0.0,1.3792005557482244e-145,7.384504630515653e-95,1.3792005557482244e-145,1.0178443960037974e-127,1.3792005557482244e-145,-4.161309405095692e-143,4.4371202156047715e-91,1.3792005557482244e-145,2,False,35.6229053172796
tizr,solved,360.0,1e-260,333.15,concentration,frozen_gas,frozen_adsorbate,"{'C6H12_g': 1.0, 'H2O2_g': 0.185, 'H2O_g': 0.815, 'C6H12O_g': 1e-20}",CatMAP setup default (no explicit prefactor_list in base file),numbers,1.171440633304967e-198,1.171440633304967043192719058495525457135e-198,-197.93127971584326,-1.171440633304967e-198,-1.171440633304967e-198,1.171440633304967e-198,4.096134770176248e-13,0.9999999999995904,2.5461814853990474e-105,2.848120204752007e-54,OH_s,0.9999999999995904,1.0,2.4333819293916255e-131,6.078711330045533e-66,7.120849450146617e-264,4.866266516671134e-131,1.999795616912368,0.0,2.4333819293916255e-131,failed_steady_state_checks,False,0.0,1.171440633304967e-198,2.4333819293916255e-131,1.171440633304967e-198,3.3540559292725515e-164,1.171440633304967e-198,-4.680450561023681e-187,4.974183795320861e-135,1.171440633304967e-198,3,False,53.070907139322685
tizr,solved,460.0,1e-340,333.15,concentration,frozen_gas,frozen_adsorbate,"{'C6H12_g': 1.0, 'H2O2_g': 0.185, 'H2O_g': 0.815, 'C6H12O_g': 1e-20}",CatMAP setup default (no explicit prefactor_list in base file),numbers,3.63636819210947e-171,3.636368192109469927729200273592260895739e-171,-170.4393321497334,-4.065931554407141e-236,-4.065931554407141e-236,4.065931554407141e-236,0.999999999989768,1.0232072513628939e-11,1.661895748738603e-30,1.279038108756349e-78,OOH_s,0.999999999989768,1.0,3.63636819210947e-171,1.0,3.63636819210947e-171,5.14260121159359e-171,1.4142135614189137,0.0,3.63636819210947e-171,failed_steady_state_checks,False,0.0,4.065931554407141e-236,4.9069744621317795e-180,4.065931554407141e-236,1.651377649432673e-200,3.63636819210947e-171,-1.2152867084209254e-223,5.333937761486927e-195,4.065931554407141e-236,4,False,27.49194756610987
tico,solved,180.0,1e-120,333.15,concentration,frozen_gas,frozen_adsorbate,"{'C6H12_g': 1.0, 'H2O2_g': 0.185, 'H2O_g': 0.815, 'C6H12O_g': 1e-20}",CatMAP setup default (no explicit prefactor_list in base file),numbers,4.575268919744333e-61,4.575268919744332675699679542175680995671e-61,-60.33958337440001,-4.575268919744333e-61,-4.575268919744333e-61,4.575268919744333e-61,7.7562067387105e-42,4.8847640704904955e-56,2.2321519458350048e-70,0.0003950046974587728,Hb_s,0.77443566138777,4.47136203661044e-08,2.045768466976561e-68,9.74257659260183e-137,4.4574907882359796e-197,4.091536933953122e-68,8.94272407322088e-08,6.22949684443598e-206,4.575269124321179e-61,validated_single_precision,True,0.0,4.575268919744333e-61,4.575268919744333e-61,4.575268919744333e-61,4.575268919744333e-61,4.575268919744333e-61,4.575268919744333e-61,4.575269124321179e-61,4.575268919744333e-61,1,False,
tico,solved,260.0,1e-180,333.15,concentration,frozen_gas,frozen_adsorbate,"{'C6H12_g': 1.0, 'H2O2_g': 0.185, 'H2O_g': 0.815, 'C6H12O_g': 1e-20}",CatMAP setup default (no explicit prefactor_list in base file),numbers,4.575268919744333e-61,4.575268919744332675699679542175680995671e-61,-60.33958337440001,-4.575268919744333e-61,-4.575268919744333e-61,4.575268919744333e-61,7.7562067387105e-42,4.8847640704904955e-56,2.2321519458350048e-70,0.0003950046974587728,Hb_s,0.77443566138777,3.590724894535811e-33,1.6428532009321942e-93,1.808906269053993e-195,8.276232631533413e-256,3.2857064018643883e-93,7.181449789071621e-33,4.2030456845295373e-286,4.575268919744333e-61,validated_single_precision,True,0.0,4.575268919744333e-61,4.575268919744333e-61,4.575268919744333e-61,4.575268919744333e-61,4.575268919744333e-61,4.575268919744333e-61,4.575268919744333e-61,4.575268919744333e-61,2,True,0.0
titi,solved,180.0,1e-120,333.15,concentration,frozen_gas,frozen_adsorbate,"{'C6H12_g': 1.0, 'H2O2_g': 0.185, 'H2O_g': 0.815, 'C6H12O_g': 1e-20}",CatMAP setup default (no explicit prefactor_list in base file),numbers,3.968838123915706e-61,3.968838123915706002469875684848054478682e-61,-60.40133661420038,-2.46474846182813e-68,4.974823077960009e-68,7.412222345368353e-69,0.9999999972989779,2.7009138539724968e-09,1.0824017162093501e-13,1.0084369301557602e-44,OOH_s,0.9999999972989779,1.0,3.968838123915706e-61,1.0000001253470896,3.968838621398014e-61,5.61278493160642e-61,1.4142136202997302,4.983597475548784e-206,3.968838123915706e-61,failed_steady_state_checks,False,0.0,-4.974823077960009e-68,-4.9962772415312665e-90,2.46474846182813e-68,4.208582634975333e-88,3.968838123915706e-61,7.374233910785113e-104,1.3494514198216392e-98,7.412222345368353e-69,1,False,
titi,solved,260.0,1e-180,333.15,concentration,frozen_gas,frozen_adsorbate,"{'C6H12_g': 1.0, 'H2O2_g': 0.185, 'H2O_g': 0.815, 'C6H12O_g': 1e-20}",CatMAP setup default (no explicit prefactor_list in base file),numbers,6.190354788985739e-91,6.190354788985738931079783483424536838433e-91,-90.20828445946402,-3.844366276381259e-98,7.759429559674998e-98,1.1561138208983173e-98,0.9999999972989779,2.7009138539724968e-09,1.0824017162093501e-13,5.736834744975987e-55,OOH_s,0.9999999972989779,1.0,6.190354788985739e-91,1.0000001253470896,6.190355564928695e-91,8.754484057071293e-91,1.4142136202997302,3.152284263397153e-286,6.190354788985739e-91,failed_steady_state_checks,False,0.0,-7.759429559674998e-98,-1.0331150574848336e-114,3.844366276381259e-98,1.3620186524376307e-108,6.190354788985739e-91,1.150188621801245e-133,2.7895192604269448e-123,1.1561138208983173e-98,2,False,29.806947845263643
titi,solved,360.0,1e-260,333.15,concentration,frozen_gas,frozen_adsorbate,"{'C6H12_g': 1.0, 'H2O2_g': 0.185, 'H2O_g': 0.815, 'C6H12O_g': 1e-20}",CatMAP setup default (no explicit prefactor_list in base file),numbers,6.408929644484192e-131,6.408929644484191987562594291075492345685e-131,-130.19321449595844,-3.980106768160218e-138,8.033406779490256e-138,1.1969349725053671e-138,0.9999999972989779,2.7009138539724968e-09,1.0824017162093501e-13,1.0361229965228498e-68,OOH_s,0.9999999972989779,0.9999930677295549,6.408885216050632e-131,1.0000001253470896,6.40893044782487e-131,9.06353276391257e-131,1.4142038166565063,0.0,6.408929644484192e-131,failed_steady_state_checks,False,0.0,-8.033406779490256e-138,2.88439972551596e-146,3.980106768160218e-138,4.442843355952084e-136,6.408929644484192e-131,1.2543120974658331e-173,-3.5044755332540636e-154,1.1969349725053671e-138,3,False,39.98493003649442
titi,FAILED: KeyError: 'turnover_frequency',,,,,,,,,,,,,,,,,,,,,,,,,,,,,,solver_failed,False,,,,,,,,,,4,False,
tiw,solved,180.0,1e-120,333.15,concentration,frozen_gas,frozen_adsorbate,"{'C6H12_g': 1.0, 'H2O2_g': 0.185, 'H2O_g': 0.815, 'C6H12O_g': 1e-20}",CatMAP setup default (no explicit prefactor_list in base file),numbers,1.2253498705529438e-137,1.225349870552943658628679417501118433155e-137,-136.91173989076395,-1.2253498705529438e-137,-1.2253498705529438e-137,5.766912029157859e-67,4.330831498057367e-32,6.17272446434632e-34,5.3118042108887316e-37,2.034995895205598e-62,C6H12_s,1.0,1.0,5.766912029157859e-67,1.0,5.766912029157859e-67,8.15564520464759e-67,1.4142135623730951,2.491798737774392e-206,5.766912029157859e-67,failed_steady_state_checks,False,0.0,1.2253498705529438e-137,3.030961908078162e-137,1.2253498705529438e-137,1.225349870552944e-137,1.2253498705529438e-137,1.2253498705274331e-137,6.99500067987654e-136,5.766912029157859e-67,1,False,
tiw,solved,260.0,1e-180,333.15,concentration,frozen_gas,frozen_adsorbate,"{'C6H12_g': 1.0, 'H2O2_g': 0.185, 'H2O_g': 0.815, 'C6H12O_g': 1e-20}",CatMAP setup default (no explicit prefactor_list in base file),numbers,1.225349870552975e-137,1.225349870552975109149936162064160132845e-137,-136.91173989076393,-1.225349870552975e-137,-1.225349870552975e-137,1.1324753100087133e-120,4.330831498057477e-32,6.1727244643353545e-34,5.3118042108887316e-37,2.034995895205598e-62,C6H12_s,1.0,1.0,1.1324753100087133e-120,1.0,1.1324753100087133e-120,1.6015619424669977e-120,1.414213562373095,2.1015228422647686e-286,1.1324753100087133e-120,failed_steady_state_checks,False,0.0,1.225349870552975e-137,1.225349870552975e-137,1.225349870552975e-137,1.225349870552975e-137,1.225349870552975e-137,1.225349870552975e-137,1.225349870552975e-137,1.1324753100087133e-120,2,False,2.842170943040401e-14
tiw,solved,360.0,1e-260,333.15,concentration,frozen_gas,frozen_adsorbate,"{'C6H12_g': 1.0, 'H2O2_g': 0.185, 'H2O_g': 0.815, 'C6H12O_g': 1e-20}",CatMAP setup default (no explicit prefactor_list in base file),numbers,1.225349870552975e-137,1.225349870552975109149936162064160132845e-137,-136.91173989076393,-1.225349870552975e-137,-1.225349870552975e-137,1.225349870552975e-137,4.330831498057477e-32,6.1727244643353545e-34,5.3118042108887316e-37,2.034995895205598e-62,C6H12_s,1.0,2.272737027789488e-55,2.7848980228028026e-192,2.272737027789488e-55,2.7848980228028026e-192,3.938440553673741e-192,3.2141355284074118e-55,0.0,1.225349870552975e-137,validated_single_precision,True,0.0,1.225349870552975e-137,1.225349870552975e-137,1.225349870552975e-137,1.225349870552975e-137,1.225349870552975e-137,1.225349870552975e-137,1.225349870552975e-137,1.225349870552975e-137,3,False,0.0
tiw,solved,460.0,1e-340,333.15,concentration,frozen_gas,frozen_adsorbate,"{'C6H12_g': 1.0, 'H2O2_g': 0.185, 'H2O_g': 0.815, 'C6H12O_g': 1e-20}",CatMAP setup default (no explicit prefactor_list in base file),numbers,1.225349870552975e-137,1.225349870552975109149936162064160132845e-137,-136.91173989076393,-1.225349870552975e-137,-1.225349870552975e-137,1.225349870552975e-137,4.330831498057477e-32,6.1727244643353545e-34,5.3118042108887316e-37,2.034995895205598e-62,C6H12_s,1.0,2.272737027789488e-55,2.7848980228028026e-192,2.272737027789488e-55,2.7848980228028026e-192,3.938440553673741e-192,3.2141355284074118e-55,0.0,1.225349870552975e-137,validated_single_precision,True,0.0,1.225349870552975e-137,1.225349870552975e-137,1.225349870552975e-137,1.225349870552975e-137,1.225349870552975e-137,1.225349870552975e-137,1.225349870552975e-137,1.225349870552975e-137,4,True,0.0
tita,solved,180.0,1e-120,333.15,concentration,frozen_gas,frozen_adsorbate,"{'C6H12_g': 1.0, 'H2O2_g': 0.185, 'H2O_g': 0.815, 'C6H12O_g': 1e-20}",CatMAP setup default (no explicit prefactor_list in base file),numbers,4.2314028082603997e-97,4.231402808260399552832429225152194894254e-97,-96.3735156300509,2.061794661493623e-104,-1.5792186835862204e-101,2.3639657377511886e-61,3.3273614480125986e-30,1.0,2.858614329927296e-40,4.461548844562553e-68,OH_s,1.0,1.0,2.3639657377511886e-61,1.0,2.3639657377511886e-61,3.34315240731305e-61,1.4142135623730951,3.737698106661588e-206,2.3639657377511886e-61,failed_steady_state_checks,False,0.0,1.5792186835862204e-101,3.707126869420343e-118,-2.061794661493623e-104,3.4281062317650694e-187,4.2314028082603997e-97,-1.4432299805055913e-173,7.2574861558388785e-93,2.3639657377511886e-61,1,False,
tita,solved,260.0,1e-180,333.15,concentration,frozen_gas,frozen_adsorbate,"{'C6H12_g': 1.0, 'H2O2_g': 0.185, 'H2O_g': 0.815, 'C6H12O_g': 1e-20}",CatMAP setup default (no explicit prefactor_list in base file),numbers,6.599887375848398e-127,6.599887375848398243556189556489131353421e-127,-126.18046347543766,3.215863195869481e-134,-2.4631702359221984e-131,3.6871731769527725e-91,3.3273614480125986e-30,1.0,2.858614329927296e-40,2.538103044673361e-78,OH_s,1.0,1.0,3.6871731769527725e-91,1.0,3.6871731769527725e-91,5.214450313664903e-91,1.4142135623730951,0.0,3.6871731769527725e-91,failed_steady_state_checks,False,0.0,2.4631702359221984e-131,1.1997340080347588e-138,-3.215863195869481e-134,1.1094339912441973e-207,6.599887375848398e-127,1.9525072143730438e-202,1.5008129609954804e-117,3.6871731769527725e-91,2,False,29.80694784538676
tita,solved,360.0,1e-260,333.15,concentration,frozen_gas,frozen_adsorbate,"{'C6H12_g': 1.0, 'H2O2_g': 0.185, 'H2O_g': 0.815, 'C6H12O_g': 1e-20}",CatMAP setup default (no explicit prefactor_list in base file),numbers,6.832922392201393e-167,6.832922392201392532560992880763550013771e-167,-166.16539351193208,3.329411911137081e-174,-2.550142161883973e-171,3.817363347277771e-131,3.3273614480125986e-30,1.0,2.858614329927296e-40,4.584038148272893e-92,OH_s,1.0,1.0,3.817363347277771e-131,1.0,3.817363347277771e-131,5.398567018226179e-131,1.4142135623730951,0.0,3.817363347277771e-131,failed_steady_state_checks,False,0.0,2.550142161883973e-171,3.9134781724330136e-166,-3.329411911137081e-174,3.618923594067588e-235,6.832922392201393e-167,7.103277058323947e-230,1.1561842490022662e-150,3.817363347277771e-131,3,False,39.98493003649442
tita,solved,460.0,1e-340,333.15,concentration,frozen_gas,frozen_adsorbate,"{'C6H12_g': 1.0, 'H2O2_g': 0.185, 'H2O_g': 0.815, 'C6H12O_g': 1e-20}",CatMAP setup default (no explicit prefactor_list in base file),numbers,2.4522446006674044e-171,2.452244600667404455059496407992852435948e-171,-170.61043621301903,-3.286615313736186e-182,-2.8180364109835174e-179,4.5833131914365775e-179,3.327345997657577e-30,1.0,1.8046263785703004e-24,7.277860110743802e-109,OH_s,1.0,1.0,2.4522446006674044e-171,0.9999999999865975,2.452244600634538e-171,3.477068236166998e-171,1.4179124852474654,0.0,2.4522446006674044e-171,failed_steady_state_checks,False,0.0,2.8180364109835174e-179,9.86442425252563e-200,3.286615313736186e-182,9.121964092878596e-269,2.4522446006674044e-171,2.3016620529182545e-251,1.2712803755994941e-173,4.5833131914365775e-179,4,False,4.4450427010869475
ticr,solved,180.0,1e-120,333.15,concentration,frozen_gas,frozen_adsorbate,"{'C6H12_g': 1.0, 'H2O2_g': 0.185, 'H2O_g': 0.815, 'C6H12O_g': 1e-20}",CatMAP setup default (no explicit prefactor_list in base file),numbers,1.4000890441287276e-79,1.400089044128727602639993111315592089244e-79,-78.85384434279034,-7.629895771550908e-97,-7.629895771550908e-97,7.629895771550908e-97,1.2486144941097852e-16,0.9999999999999999,9.606230370274393e-28,8.204547812537313e-37,OH_s,0.9999999999999999,1.0,3.821399183659537e-61,1.0,1.4000890441287276e-79,7.642798355718592e-61,1.9999999969643363,0.0,3.821399183659537e-61,failed_steady_state_checks,False,0.0,7.629895771550908e-97,1.1600482771508496e-69,7.629895771550908e-97,1.0660613412315157e-81,1.4000890441287276e-79,6.242387327494664e-80,3.821399183659537e-61,7.629895771550908e-97,1,False,
ticr,solved,260.0,1e-180,333.15,concentration,frozen_gas,frozen_adsorbate,"{'C6H12_g': 1.0, 'H2O2_g': 0.185, 'H2O_g': 0.815, 'C6H12O_g': 1e-20}",CatMAP setup default (no explicit prefactor_list in base file),numbers,6.254884007260628e-116,6.254884007260627972559011287262042751576e-116,-115.20378073960345,-3.4086484229718646e-133,-3.4086484229718646e-133,3.4086484229718646e-133,1.2486144941097852e-16,0.9999999999999999,9.606230370274393e-28,2.6313643674436706e-49,OH_s,0.9999999999999999,0.9999999999999997,3.014550771462692e-91,1.0,6.254884007260628e-116,6.027908654607161e-91,1.9996042898565458,0.0,3.014550771462693e-91,failed_steady_state_checks,False,0.0,3.4086484229718646e-133,1.1932426271792676e-94,3.4086484229718646e-133,1.0965662449392817e-106,6.254884007260628e-116,6.421010655221593e-105,3.014550771462693e-91,3.4086484229718646e-133,2,False,36.349936396813106
ticr,solved,360.0,1e-260,333.15,concentration,frozen_gas,frozen_adsorbate,"{'C6H12_g': 1.0, 'H2O2_g': 0.185, 'H2O_g': 0.815, 'C6H12O_g': 1e-20}",CatMAP setup default (no explicit prefactor_list in base file),numbers,5.312661202000973e-169,5.312661202000972582297227882241213423227e-169,-168.2746878789506,-2.8951766662601415e-186,-2.8951766662601415e-186,2.8951766662601415e-186,1.2486144941097852e-16,0.9999999999999999,9.606230370274393e-28,1.510516399064767e-67,OH_s,0.9999999999999999,0.9999999999990811,3.932037671437974e-131,1.0,5.312661202000973e-169,7.869172203885425e-131,2.0012962391075924,0.0,3.932037671441588e-131,failed_steady_state_checks,False,0.0,2.8951766662601415e-186,3.932037671441588e-131,2.8951766662601415e-186,3.6134644255240487e-143,5.312661202000973e-169,2.1158861751976344e-141,-5.091918851330546e-134,2.8951766662601415e-186,3,False,53.070907139347156
ticr,FAILED: KeyError: 'turnover_frequency',,,,,,,,,,,,,,,,,,,,,,,,,,,,,,solver_failed,False,,,,,,,,,,4,False,
ti,solved,180.0,1e-120,333.15,concentration,frozen_gas,frozen_adsorbate,"{'C6H12_g': 1.0, 'H2O2_g': 0.185, 'H2O_g': 0.815, 'C6H12O_g': 1e-20}",CatMAP setup default (no explicit prefactor_list in base file),numbers,1.4986254207958465e-126,1.498625420795846543529957327716403124779e-126,-125.82430690485035,-1.4986254207958465e-126,-1.4986254207958465e-126,2.429250356057637e-64,2.0817015475846903e-61,9.317660824115974e-55,7.752983565613272e-93,5.319488988597287e-39,Hb_s,1.0,1.0,2.429250356057637e-64,1.0,2.429250356057637e-64,3.43547879993638e-64,1.4142135623730951,1.245899368887196e-206,2.429250356057637e-64,failed_steady_state_checks,False,0.0,1.4986254207958465e-126,1.4986254207958465e-126,1.4986254207958465e-126,1.4986254207958465e-126,1.4986254207958465e-126,1.4986254207958465e-126,1.4986254207958465e-126,2.429250356057637e-64,1,False,
ti,solved,260.0,1e-180,333.15,concentration,frozen_gas,frozen_adsorbate,"{'C6H12_g': 1.0, 'H2O2_g': 0.185, 'H2O_g': 0.815, 'C6H12O_g': 1e-20}",CatMAP setup default (no explicit prefactor_list in base file),numbers,1.4986254207958465e-126,1.498625420795846543529957327716403124779e-126,-125.82430690485035,-1.4986254207958465e-126,-1.4986254207958465e-126,3.523690725161368e-100,2.0817015475846903e-61,9.317660824115974e-55,7.752983565613272e-93,5.319488988597287e-39,Hb_s,1.0,1.0,3.523690725161368e-100,1.0,3.523690725161368e-100,4.983251213131493e-100,1.4142135623730951,2.1015228422647686e-286,3.523690725161368e-100,failed_steady_state_checks,False,0.0,1.4986254207958465e-126,1.4986254207958465e-126,1.4986254207958465e-126,1.4986254207958465e-126,1.4986254207958465e-126,1.4986254207958465e-126,1.4986254207958465e-126,3.523690725161368e-100,2,False,0.0
ti,solved,360.0,1e-260,333.15,concentration,frozen_gas,frozen_adsorbate,"{'C6H12_g': 1.0, 'H2O2_g': 0.185, 'H2O_g': 0.815, 'C6H12O_g': 1e-20}",CatMAP setup default (no explicit prefactor_list in base file),numbers,1.4986254207958465e-126,1.498625420795846543529957327716403124779e-126,-125.82430690485035,-1.4986254207958465e-126,-1.4986254207958465e-126,1.4986254207958465e-126,2.0817015475846903e-61,9.317660824115974e-55,7.752983565613272e-93,5.319488988597287e-39,Hb_s,1.0,4.9471571323334025e-46,7.413935439186319e-172,4.9471571323334025e-46,7.413935439186319e-172,1.048488804865582e-171,6.996336711736687e-46,0.0,1.4986254207958465e-126,validated_single_precision,True,0.0,1.4986254207958465e-126,1.4986254207958465e-126,1.4986254207958465e-126,1.4986254207958465e-126,1.4986254207958465e-126,1.4986254207958465e-126,1.4986254207958465e-126,1.4986254207958465e-126,3,False,0.0
ti,solved,460.0,1e-340,333.15,concentration,frozen_gas,frozen_adsorbate,"{'C6H12_g': 1.0, 'H2O2_g': 0.185, 'H2O_g': 0.815, 'C6H12O_g': 1e-20}",CatMAP setup default (no explicit prefactor_list in base file),numbers,1.4986254207958465e-126,1.498625420795846543529957327716403124779e-126,-125.82430690485035,-1.4986254207958465e-126,-1.4986254207958465e-126,1.4986254207958465e-126,2.0817015475846903e-61,9.317660824115974e-55,7.752983565613272e-93,5.319488988597287e-39,Hb_s,1.0,4.9471571323334025e-46,7.413935439186319e-172,4.9471571323334025e-46,7.413935439186319e-172,1.048488804865582e-171,6.996336711736687e-46,0.0,1.4986254207958465e-126,validated_single_precision,True,0.0,1.4986254207958465e-126,1.4986254207958465e-126,1.4986254207958465e-126,1.4986254207958465e-126,1.4986254207958465e-126,1.4986254207958465e-126,1.4986254207958465e-126,1.4986254207958465e-126,4,True,0.0
tini,solved,180.0,1e-120,333.15,concentration,frozen_gas,frozen_adsorbate,"{'C6H12_g': 1.0, 'H2O2_g': 0.185, 'H2O_g': 0.815, 'C6H12O_g': 1e-20}",CatMAP setup default (no explicit prefactor_list in base file),numbers,7.97960949894315e-67,7.979609498943150414996755629998298115122e-67,-66.09801836135651,-7.97960949894315e-67,-7.97960949894315e-67,7.97960949894315e-67,1.058309174730435e-31,2.5928016407547832e-39,5.824914569337083e-72,5.416289652940233e-22,Ha_s,0.9958890605774602,1.6413212272973677e-11,1.309710245637407e-77,6.002502782910931e-135,4.789762822394876e-201,2.619420491274814e-77,3.2826424545947355e-11,7.475396213323176e-206,7.979609499074121e-67,validated_single_precision,True,0.0,7.97960949894315e-67,7.97960949894315e-67,7.97960949894315e-67,7.97960949894315e-67,7.97960949894315e-67,7.97960949894315e-67,7.979609499074121e-67,7.97960949894315e-67,1,False,
tini,solved,260.0,1e-180,333.15,concentration,frozen_gas,frozen_adsorbate,"{'C6H12_g': 1.0, 'H2O2_g': 0.185, 'H2O_g': 0.815, 'C6H12O_g': 1e-20}",CatMAP setup default (no explicit prefactor_list in base file),numbers,7.97960949894315e-67,7.979609498943150414996755629998298115122e-67,-66.09801836135651,-7.97960949894315e-67,-7.97960949894315e-67,7.97960949894315e-67,1.058309174730435e-31,2.5928016407547832e-39,5.824914569337083e-72,5.416289652940233e-22,Ha_s,0.9958890605774602,2.9982063171112727e-63,2.392451560781247e-129,1.096478950165043e-186,8.74947384612819e-253,4.784903121646785e-129,5.996412634328178e-63,2.1015228422647686e-286,7.97960949894315e-67,validated_single_precision,True,0.0,7.97960949894315e-67,7.97960949894315e-67,7.97960949894315e-67,7.97960949894315e-67,7.97960949894315e-67,7.97960949894315e-67,7.97960949894315e-67,7.97960949894315e-67,2,True,0.0
