surface,bridge_temperature,bridge_point_count,bridge_numbers_point_count,bridge_includes_target,bridge_independently_verified_seed_count,bridge_status
timn,550.0,17,17,True,0,mapped_but_no_vetted_seed
timn,750.0,17,17,True,0,mapped_but_no_vetted_seed
tihf,550.0,17,17,True,0,mapped_but_no_vetted_seed
tihf,750.0,17,17,True,0,mapped_but_no_vetted_seed
tire,550.0,17,17,True,0,mapped_but_no_vetted_seed
tire,750.0,17,17,True,0,mapped_but_no_vetted_seed
timo,550.0,17,17,True,0,mapped_but_no_vetted_seed
timo,750.0,17,17,True,0,mapped_but_no_vetted_seed
tiv,550.0,17,17,True,0,mapped_but_no_vetted_seed
tiv,750.0,17,17,True,0,mapped_but_no_vetted_seed
tizr,550.0,17,17,True,3,mapped_and_vetted
tizr,750.0,17,17,True,2,mapped_and_vetted
titi,550.0,17,17,True,3,mapped_and_vetted
titi,750.0,17,17,True,2,mapped_and_vetted
tita,550.0,17,17,True,0,mapped_but_no_vetted_seed
tita,750.0,17,17,True,0,mapped_but_no_vetted_seed
ticr,550.0,17,17,True,0,mapped_but_no_vetted_seed
ticr,750.0,17,17,True,0,mapped_but_no_vetted_seed
