surface,bridge_temperature_K,source_temperature_K,source_pressure,source_quality_pass,seed_file,source_cycle_max_relative_error,source_balance_max_relative_error,source_steady_state_residual_relative_to_max_rate,source_coverage_sum_error,source_quality_status
timn,550.0,550.0,1.0,False,,0.9823030185652704,0.43770031409458665,2.001714145788428,4.2030456845295373e-286,failed_steady_state_checks
timn,550.0,536.446875,1.0,False,,0.885973391718603,1.0,1.2736516330296244,2.1015228422647686e-286,failed_steady_state_checks
timn,550.0,522.89375,1.0,False,,0.994042836650854,1.0,1.4058644997723853,4.2030456845295373e-286,failed_steady_state_checks
timn,550.0,509.340625,1.0,False,,0.9978835553889636,1.0,1.411236713507271,2.1015228422647686e-286,failed_steady_state_checks
timn,550.0,495.7875,1.0,False,,0.9990990877681336,1.0000000000000002,1.4129444832167637,2.1015228422647686e-286,failed_steady_state_checks
timn,550.0,482.234375,1.0,False,,0.9997730564476632,1.000000000000012,1.413893762998257,5.253807105661922e-286,failed_steady_state_checks
timn,550.0,468.68125,1.0,False,,0.999906464594268,1.000000000000096,1.414081673833423,2.1015228422647686e-286,failed_steady_state_checks
timn,550.0,455.12812499999995,1.0,False,,0.9999588310015489,1.000000000000453,1.4141554461198287,6.304568526794306e-286,failed_steady_state_checks
timn,550.0,441.575,1.0,False,,0.9999163369801871,1.0000000000021343,1.4140952879506918,1.0507614211323843e-286,failed_steady_state_checks
timn,550.0,428.021875,1.0,False,,0.9997787940308948,1.0000000000109106,1.4139008089167835,1.0507614211323843e-286,failed_steady_state_checks
timn,550.0,414.46875,1.0,False,,0.9993314567560523,1.0000000000627751,1.4132687334562344,2.1015228422647686e-286,failed_steady_state_checks
timn,550.0,400.915625,1.0,False,,0.9976856704162055,1.0000000004093548,1.4109481941012998,4.2030456845295373e-286,failed_steady_state_checks
timn,550.0,387.36249999999995,1.0,False,,0.9907661864276046,1.0000000030527103,1.4012766553253815,4.2030456845295373e-286,failed_steady_state_checks
timn,550.0,373.809375,1.0,False,,0.9571438152659465,1.0000000263342192,1.356316641763673,2.1015228422647686e-286,failed_steady_state_checks
timn,550.0,360.25624999999997,1.0,False,,0.7656645620979395,1.0000002665842807,1.1798874674994981,2.1015228422647686e-286,failed_steady_state_checks
timn,550.0,346.703125,1.0,False,,1.0000020996106462,1.0000032243517973,2.059940651724827,0.0,failed_steady_state_checks
timn,550.0,333.15,1.0,False,,1.0000022874609347,1.0000476920865151,2.410965254557511,0.0,failed_steady_state_checks
timn,750.0,750.0,1.0,False,,0.9525730285504395,0.9795761718607993,2.014622153208864,2.1015228422647686e-286,failed_steady_state_checks
timn,750.0,723.946875,1.0,False,,1.000000525132754,1.0000000000000466,2.4494899588527033,2.1015228422647686e-286,failed_steady_state_checks
timn,750.0,697.89375,1.0,False,,1.000000524778234,1.0000000000000058,2.4494899508102495,2.1015228422647686e-286,failed_steady_state_checks
timn,750.0,671.840625,1.0,False,,1.0000005245990042,1.0000000000001787,2.4494899224412783,1.0507614211323843e-286,failed_steady_state_checks
timn,750.0,645.7875,1.0,False,,1.0000005244320846,1.0000000000019706,2.449489696324935,0.0,failed_steady_state_checks
timn,750.0,619.734375,1.0,False,,1.0000005243802168,1.0000000000052691,2.4494890966099905,3.152284263397153e-286,failed_steady_state_checks
timn,750.0,593.68125,1.0,False,,1.000000524383911,1.0000000000270466,2.4494896580095658,6.304568526794306e-286,failed_steady_state_checks
timn,750.0,567.628125,1.0,False,,1.0000005243158352,1.0000000001530043,2.4494898944976957,0.0,failed_steady_state_checks
timn,750.0,541.575,1.0,False,,1.0000005242564085,1.0000000010515264,2.4494899477212293,2.1015228422647686e-286,failed_steady_state_checks
timn,750.0,515.521875,1.0,False,,1.0000005242121317,1.0000000089600554,2.449489957205478,4.2030456845295373e-286,failed_steady_state_checks
timn,750.0,489.46875,1.0,False,,1.0000005241805952,1.0000000973080687,2.4494899585245693,2.1015228422647686e-286,failed_steady_state_checks
timn,750.0,463.415625,1.0,False,,1.0000005241590748,1.0000014020483217,2.449489958659022,2.1015228422647686e-286,failed_steady_state_checks
timn,750.0,437.36249999999995,1.0,False,,1.0000005241451075,1.000028587650441,2.449489958664605,4.2030456845295373e-286,failed_steady_state_checks
timn,750.0,411.309375,1.0,False,,1.0000005241365686,1.0009388842426163,2.4494899586616836,5.253807105661922e-286,failed_steady_state_checks
timn,750.0,385.25624999999997,1.0,False,,1.0000005241317096,1.0740059036569323,2.4494899586596763,2.1015228422647686e-286,failed_steady_state_checks
timn,750.0,359.203125,1.0,False,,1.0000005241290406,0.9997512661786306,2.449489958658568,0.0,failed_steady_state_checks
timn,750.0,333.15,1.0,False,,1.0000005241279828,0.9621434021986759,2.4494899586581202,1.0507614211323843e-286,failed_steady_state_checks
tihf,550.0,550.0,1.0,False,,0.9999999487182245,1.0000000002600788,1.4142124802422233,5.253807105661922e-286,failed_steady_state_checks
tihf,550.0,536.446875,1.0,False,,0.9640899969275555,1.0000000014670387,2.0065874259758094,2.1015228422647686e-286,failed_steady_state_checks
tihf,550.0,522.89375,1.0,False,,0.9640899527368011,1.0000000005448642,2.0180663675277914,5.253807105661922e-286,failed_steady_state_checks
tihf,550.0,509.340625,1.0,False,,1.009200202979225,1.0000000062519874,2.035063609316969,4.2030456845295373e-286,failed_steady_state_checks
tihf,550.0,495.7875,1.0,False,,1.0000001610322362,1.0001668963739614,1.7731145216380506,4.2030456845295373e-286,failed_steady_state_checks
tihf,550.0,482.234375,1.0,False,,0.9999999998620959,1.0000000002333422,1.4142135598564596,3.152284263397153e-286,failed_steady_state_checks
tihf,550.0,468.68125,1.0,False,,0.9999999999999986,1.0,1.4142135623876502,2.1015228422647686e-286,failed_steady_state_checks
tihf,550.0,455.12812499999995,1.0,False,,1.0,1.0,1.4142135623739944,4.2030456845295373e-286,failed_steady_state_checks
tihf,550.0,441.575,1.0,False,,1.0,1.0,1.4142135623731353,0.0,failed_steady_state_checks
tihf,550.0,428.021875,1.0,False,,1.0,1.0,1.4142135623730983,2.1015228422647686e-286,failed_steady_state_checks
tihf,550.0,414.46875,1.0,False,,1.0,1.0,1.4142135623730954,5.253807105661922e-286,failed_steady_state_checks
tihf,550.0,400.915625,1.0,False,,1.0,1.0,1.4142135623730951,2.1015228422647686e-286,failed_steady_state_checks
tihf,550.0,387.36249999999995,1.0,False,,1.0,1.0,1.4142135623730951,0.0,failed_steady_state_checks
tihf,550.0,373.809375,1.0,False,,1.0,1.0,1.4142135623730951,2.1015228422647686e-286,failed_steady_state_checks
tihf,550.0,360.25624999999997,1.0,False,,1.0,1.0,1.4142135623730951,6.304568526794306e-286,failed_steady_state_checks
tihf,550.0,346.703125,1.0,False,,1.0,1.0,1.4142135623730965,2.1015228422647686e-286,failed_steady_state_checks
tihf,550.0,333.15,1.0,False,,1.0,1.0,1.4142135623748773,0.0,failed_steady_state_checks
tihf,750.0,750.0,1.0,False,,0.8632776882943588,1.0000000047547242,2.002089413774093,4.2030456845295373e-286,failed_steady_state_checks
tihf,750.0,723.946875,1.0,False,,0.8632718137254773,1.0000307989843706,2.027848207341709,4.2030456845295373e-286,failed_steady_state_checks
tihf,750.0,697.89375,1.0,False,,0.8632727517269818,1.0000687128590908,2.027847827873136,4.2030456845295373e-286,failed_steady_state_checks
tihf,750.0,671.840625,1.0,False,,0.8632629341939522,1.840355610235366,2.027852121968451,2.1015228422647686e-286,failed_steady_state_checks
tihf,750.0,645.7875,1.0,False,,0.9893803273299863,1.0,1.3516925830230822,4.2030456845295373e-286,failed_steady_state_checks
tihf,750.0,619.734375,1.0,False,,0.9999999257910748,1.0,1.4142148367409015,5.253807105661922e-286,failed_steady_state_checks
tihf,750.0,593.68125,1.0,False,,0.9999999999956761,1.0,1.4142136500787843,4.2030456845295373e-286,failed_steady_state_checks
tihf,750.0,567.628125,1.0,False,,0.9999999999999349,1.0,1.414213569435462,4.2030456845295373e-286,failed_steady_state_checks
tihf,750.0,541.575,1.0,False,,0.9999999999999989,1.0,1.4142135628619845,4.2030456845295373e-286,failed_steady_state_checks
tihf,750.0,515.521875,1.0,False,,1.0,1.0,1.4142135623958993,2.1015228422647686e-286,failed_steady_state_checks
tihf,750.0,489.46875,1.0,False,,1.0,1.0,1.4142135623731005,4.2030456845295373e-286,failed_steady_state_checks
tihf,750.0,463.415625,1.0,False,,1.0,1.0,1.4142135623886265,4.2030456845295373e-286,failed_steady_state_checks
tihf,750.0,437.36249999999995,1.0,False,,1.0,1.0,1.4142135658298067,2.1015228422647686e-286,failed_steady_state_checks
tihf,750.0,411.309375,1.0,False,,1.0,1.0,1.414222949275894,0.0,failed_steady_state_checks
tihf,750.0,385.25624999999997,1.0,False,,1.0,1.0,1.498943450879921,5.253807105661922e-286,failed_steady_state_checks
tihf,750.0,359.203125,1.0,False,,1.0,1.0,2.000176616407803,2.1015228422647686e-286,failed_steady_state_checks
tihf,750.0,333.15,1.0,False,,0.9999999999999973,1.0,2.001001944138894,0.0,failed_steady_state_checks
tire,550.0,550.0,1.0,False,,0.9999989755862206,1.0000000001440073,1.9999999999823503,2.1015228422647686e-286,failed_steady_state_checks
tire,550.0,536.446875,1.0,False,,1.0,1.0,1.4142135623730951,1.0507614211323843e-286,failed_steady_state_checks
tire,550.0,522.89375,1.0,False,,1.0,1.0,1.4142135623730951,0.0,failed_steady_state_checks
tire,550.0,509.340625,1.0,False,,1.0,1.0,1.4142135623730951,2.1015228422647686e-286,failed_steady_state_checks
tire,550.0,495.7875,1.0,False,,1.0,1.0,1.4142135623730951,0.0,failed_steady_state_checks
tire,550.0,482.234375,1.0,False,,1.0,1.0,1.4142135623730951,4.2030456845295373e-286,failed_steady_state_checks
tire,550.0,468.68125,1.0,False,,1.0,1.0,1.4142135623730951,2.1015228422647686e-286,failed_steady_state_checks
tire,550.0,455.12812499999995,1.0,False,,1.0,1.0,1.4142135623730951,1.0507614211323843e-286,failed_steady_state_checks
tire,550.0,441.575,1.0,False,,1.0,1.0,1.4142135623730951,4.2030456845295373e-286,failed_steady_state_checks
tire,550.0,428.021875,1.0,False,,1.0,1.0,1.4142135623730951,0.0,failed_steady_state_checks
tire,550.0,414.46875,1.0,False,,1.0,1.0,1.4142135623730951,2.1015228422647686e-286,failed_steady_state_checks
tire,550.0,400.915625,1.0,False,,1.0,1.0,1.4142135623730951,0.0,failed_steady_state_checks
tire,550.0,387.36249999999995,1.0,False,,1.0,1.0,1.4142135623730951,2.1015228422647686e-286,failed_steady_state_checks
tire,550.0,373.809375,1.0,False,,1.0,1.0,1.4142135623730951,2.1015228422647686e-286,failed_steady_state_checks
tire,550.0,360.25624999999997,1.0,False,,1.0,1.0,1.4142135623730951,0.0,failed_steady_state_checks
tire,550.0,346.703125,1.0,False,,1.0,1.0,1.4142135623730951,4.2030456845295373e-286,failed_steady_state_checks
tire,550.0,333.15,1.0,False,,1.0,1.0,1.4142135623730951,2.1015228422647686e-286,failed_steady_state_checks
tire,750.0,750.0,1.0,False,,0.9999265398401402,1.000000470921557,1.999999992449726,1.0507614211323843e-286,failed_steady_state_checks
tire,750.0,723.946875,1.0,False,,1.0,1.0,1.414213562373095,2.1015228422647686e-286,failed_steady_state_checks
tire,750.0,697.89375,1.0,False,,1.0,1.0,1.4142135623730951,1.0507614211323843e-286,failed_steady_state_checks
tire,750.0,671.840625,1.0,False,,1.0,1.0,1.4142135623730951,4.2030456845295373e-286,failed_steady_state_checks
tire,750.0,645.7875,1.0,False,,1.0,1.0,1.4142135623730951,2.1015228422647686e-286,failed_steady_state_checks
tire,750.0,619.734375,1.0,False,,1.0,1.0,1.4142135623730951,2.1015228422647686e-286,failed_steady_state_checks
tire,750.0,593.68125,1.0,False,,1.0,1.0,1.4142135623730951,2.1015228422647686e-286,failed_steady_state_checks
tire,750.0,567.628125,1.0,False,,1.0,1.0,1.4142135623730951,1.0507614211323843e-286,failed_steady_state_checks
tire,750.0,541.575,1.0,False,,1.0,1.0,1.4142135623730951,2.1015228422647686e-286,failed_steady_state_checks
tire,750.0,515.521875,1.0,False,,1.0,1.0,1.4142135623730951,1.0507614211323843e-286,failed_steady_state_checks
tire,750.0,489.46875,1.0,False,,1.0,1.0,1.4142135623730951,5.253807105661922e-286,failed_steady_state_checks
tire,750.0,463.415625,1.0,False,,1.0,1.0,1.4142135623730951,1.0507614211323843e-286,failed_steady_state_checks
tire,750.0,437.36249999999995,1.0,False,,1.0,1.0,1.4142135623730951,4.2030456845295373e-286,failed_steady_state_checks
tire,750.0,411.309375,1.0,False,,1.0,1.0,1.4142135623730951,3.152284263397153e-286,failed_steady_state_checks
tire,750.0,385.25624999999997,1.0,False,,1.0,1.0,1.4142135623730951,0.0,failed_steady_state_checks
tire,750.0,359.203125,1.0,False,,1.0,1.0,1.4142135623730951,4.2030456845295373e-286,failed_steady_state_checks
tire,750.0,333.15,1.0,False,,1.0,1.0,1.4142135623730951,3.152284263397153e-286,failed_steady_state_checks
timo,550.0,550.0,1.0,False,,1.0000000000002292,1.0,2.0003144243903597,2.1015228422647686e-286,failed_steady_state_checks
timo,550.0,536.446875,1.0,False,,1.0,1.0,1.4142135623730951,0.0,failed_steady_state_checks
timo,550.0,522.89375,1.0,False,,1.0,1.0,1.4142135623730951,4.2030456845295373e-286,failed_steady_state_checks
timo,550.0,509.340625,1.0,False,,1.0,1.0,1.4142135623730951,3.152284263397153e-286,failed_steady_state_checks
timo,550.0,495.7875,1.0,False,,1.0,1.0,1.4142135623730951,4.2030456845295373e-286,failed_steady_state_checks
timo,550.0,482.234375,1.0,False,,1.0,1.0,1.4142135623730951,2.1015228422647686e-286,failed_steady_state_checks
timo,550.0,468.68125,1.0,False,,1.0,1.0,1.4142135623730951,4.2030456845295373e-286,failed_steady_state_checks
timo,550.0,455.12812499999995,1.0,False,,1.0,1.0,1.4142135623730951,5.253807105661922e-286,failed_steady_state_checks
timo,550.0,441.575,1.0,False,,1.0,1.0,1.4142135623730951,4.2030456845295373e-286,failed_steady_state_checks
timo,550.0,428.021875,1.0,False,,1.0,1.0,1.4142135623730951,2.1015228422647686e-286,failed_steady_state_checks
timo,550.0,414.46875,1.0,False,,1.0,1.0,1.4142135623730951,1.0507614211323843e-286,failed_steady_state_checks
timo,550.0,400.915625,1.0,False,,1.0,1.0,1.4142135623730951,5.253807105661922e-286,failed_steady_state_checks
timo,550.0,387.36249999999995,1.0,False,,1.0,1.0,1.4142135623730951,4.2030456845295373e-286,failed_steady_state_checks
timo,550.0,373.809375,1.0,False,,1.0,1.0,1.4142135623730951,1.0507614211323843e-286,failed_steady_state_checks
timo,550.0,360.25624999999997,1.0,False,,1.0,1.0,1.4142135623730951,4.2030456845295373e-286,failed_steady_state_checks
timo,550.0,346.703125,1.0,False,,1.0,1.0,1.4142135623730951,3.152284263397153e-286,failed_steady_state_checks
timo,550.0,333.15,1.0,False,,1.0,1.0,1.4142135623730951,4.2030456845295373e-286,failed_steady_state_checks
timo,750.0,750.0,1.0,False,,1.0000000004753857,0.9999999999988854,2.0018209422828495,2.1015228422647686e-286,failed_steady_state_checks
timo,750.0,723.946875,1.0,False,,1.0,1.0,1.4142135623730951,2.1015228422647686e-286,failed_steady_state_checks
timo,750.0,697.89375,1.0,False,,1.0,1.0,1.4142135623730951,2.1015228422647686e-286,failed_steady_state_checks
timo,750.0,671.840625,1.0,False,,1.0,1.0,1.4142135623730951,2.1015228422647686e-286,failed_steady_state_checks
timo,750.0,645.7875,1.0,False,,1.0,1.0,1.4142135623730951,0.0,failed_steady_state_checks
timo,750.0,619.734375,1.0,False,,1.0,1.0,1.4142135623730951,2.1015228422647686e-286,failed_steady_state_checks
timo,750.0,593.68125,1.0,False,,1.0,1.0,1.4142135623730951,4.2030456845295373e-286,failed_steady_state_checks
timo,750.0,567.628125,1.0,False,,1.0,1.0,1.4142135623730951,1.0507614211323843e-286,failed_steady_state_checks
timo,750.0,541.575,1.0,False,,1.0,1.0,1.4142135623730951,0.0,failed_steady_state_checks
timo,750.0,515.521875,1.0,False,,1.0,1.0,1.4142135623730951,2.1015228422647686e-286,failed_steady_state_checks
timo,750.0,489.46875,1.0,False,,1.0,1.0,1.4142135623730951,3.152284263397153e-286,failed_steady_state_checks
timo,750.0,463.415625,1.0,False,,1.0,1.0,1.4142135623730951,6.304568526794306e-286,failed_steady_state_checks
timo,750.0,437.36249999999995,1.0,False,,1.0,1.0,1.4142135623730951,2.1015228422647686e-286,failed_steady_state_checks
timo,750.0,411.309375,1.0,False,,1.0,1.0,1.4142135623730951,2.1015228422647686e-286,failed_steady_state_checks
timo,750.0,385.25624999999997,1.0,False,,1.0,1.0,1.4142135623730951,2.1015228422647686e-286,failed_steady_state_checks
timo,750.0,359.203125,1.0,False,,1.0,1.0,1.4142135623730951,4.2030456845295373e-286,failed_steady_state_checks
timo,750.0,333.15,1.0,False,,1.0,1.0,1.4142135623730951,3.152284263397153e-286,failed_steady_state_checks
tiv,550.0,550.0,1.0,False,,0.9999999999999871,1.0,2.001218943007317,2.1015228422647686e-286,failed_steady_state_checks
tiv,550.0,536.446875,1.0,False,,1.0,1.0,1.4142135623730951,4.2030456845295373e-286,failed_steady_state_checks
tiv,550.0,522.89375,1.0,False,,1.0,1.0,1.4142135623730951,0.0,failed_steady_state_checks
tiv,550.0,509.340625,1.0,False,,1.0,1.0,1.4142135623730951,4.2030456845295373e-286,failed_steady_state_checks
tiv,550.0,495.7875,1.0,False,,1.0,1.0,1.4142135623730951,0.0,failed_steady_state_checks
tiv,550.0,482.234375,1.0,False,,1.0,1.0,1.4142135623730951,3.152284263397153e-286,failed_steady_state_checks
tiv,550.0,468.68125,1.0,False,,1.0,1.0,1.4142135623730951,0.0,failed_steady_state_checks
tiv,550.0,455.12812499999995,1.0,False,,1.0,1.0,1.4142135623730951,0.0,failed_steady_state_checks
tiv,550.0,441.575,1.0,False,,0.9992628914859945,1.0,2.00145043488099,2.1015228422647686e-286,failed_steady_state_checks
tiv,550.0,428.021875,1.0,False,,0.9992628914859945,1.0,2.00145043488099,2.1015228422647686e-286,failed_steady_state_checks
tiv,550.0,414.46875,1.0,False,,0.9992628914859945,1.0,2.00145043488099,2.1015228422647686e-286,failed_steady_state_checks
tiv,550.0,400.915625,1.0,False,,0.9992628914859945,1.0,2.00145043488099,2.1015228422647686e-286,failed_steady_state_checks
tiv,550.0,387.36249999999995,1.0,False,,0.9992628914859945,1.0,2.00145043488099,2.1015228422647686e-286,failed_steady_state_checks
tiv,550.0,373.809375,1.0,False,,0.9992628914859945,1.0,2.00145043488099,2.1015228422647686e-286,failed_steady_state_checks
tiv,550.0,360.25624999999997,1.0,False,,0.9992628914859945,1.0,2.00145043488099,2.1015228422647686e-286,failed_steady_state_checks
tiv,550.0,346.703125,1.0,False,,0.9992628914859945,1.0,2.00145043488099,2.1015228422647686e-286,failed_steady_state_checks
tiv,550.0,333.15,1.0,False,,0.9992628914859945,1.0,2.00145043488099,2.1015228422647686e-286,failed_steady_state_checks
tiv,750.0,750.0,1.0,False,,0.9999999998954257,0.9999999999975114,2.0124012442028114,5.253807105661922e-286,failed_steady_state_checks
tiv,750.0,723.946875,1.0,False,,0.9999999999999968,1.0,1.4142135623727978,2.1015228422647686e-286,failed_steady_state_checks
tiv,750.0,697.89375,1.0,False,,0.9999999999999998,1.0,1.4142135623730745,1.0507614211323843e-286,failed_steady_state_checks
tiv,750.0,671.840625,1.0,False,,1.0,1.0,1.4142135623730934,3.152284263397153e-286,failed_steady_state_checks
tiv,750.0,645.7875,1.0,False,,1.0,1.0,1.414213562373095,4.2030456845295373e-286,failed_steady_state_checks
tiv,750.0,619.734375,1.0,False,,0.9999999999924636,1.0,1.4142135616800704,4.2030456845295373e-286,failed_steady_state_checks
tiv,750.0,593.68125,1.0,False,,0.9921013196192927,0.9999995257384695,2.0125429153118253,3.152284263397153e-286,failed_steady_state_checks
tiv,750.0,567.628125,1.0,False,,0.9921013196192927,0.9999995257384695,2.0125429153118253,3.152284263397153e-286,failed_steady_state_checks
tiv,750.0,541.575,1.0,False,,0.9921013196192927,0.9999995257384695,2.0125429153118253,3.152284263397153e-286,failed_steady_state_checks
tiv,750.0,515.521875,1.0,False,,0.9921013196192927,0.9999995257384695,2.0125429153118253,3.152284263397153e-286,failed_steady_state_checks
tiv,750.0,489.46875,1.0,False,,0.9921013196192927,0.9999995257384695,2.0125429153118253,3.152284263397153e-286,failed_steady_state_checks
tiv,750.0,463.415625,1.0,False,,0.9921013196192927,0.9999995257384695,2.0125429153118253,3.152284263397153e-286,failed_steady_state_checks
tiv,750.0,437.36249999999995,1.0,False,,0.9921013196192927,0.9999995257384695,2.0125429153118253,3.152284263397153e-286,failed_steady_state_checks
tiv,750.0,411.309375,1.0,False,,0.9921013196192927,0.9999995257384695,2.0125429153118253,3.152284263397153e-286,failed_steady_state_checks
tiv,750.0,385.25624999999997,1.0,False,,0.9921013196192927,0.9999995257384695,2.0125429153118253,3.152284263397153e-286,failed_steady_state_checks
tiv,750.0,359.203125,1.0,False,,0.9921013196192927,0.9999995257384695,2.0125429153118253,3.152284263397153e-286,failed_steady_state_checks
tiv,750.0,333.15,1.0,False,,0.9921013196192927,0.9999995257384695,2.0125429153118253,3.152284263397153e-286,failed_steady_state_checks
tizr,550.0,550.0,1.0,False,,1.0,3.3586917735607655e-33,1.999995957763332,0.0,failed_steady_state_checks
tizr,550.0,536.446875,1.0,True,H:\catmap\catmap\lyq_alkene_epoxidation\2-creating_microkinetic_model\analysis_ooh\recovery_v2\seeds\tizr\T550_T053644688.pkl,2.980807391871678e-77,8.941827938940255e-155,5.961614783743356e-77,2.1015228422647686e-286,validated_single_precision
tizr,550.0,522.89375,1.0,True,H:\catmap\catmap\lyq_alkene_epoxidation\2-creating_microkinetic_model\analysis_ooh\recovery_v2\seeds\tizr\T550_T052289375.pkl,2.645340223804739e-94,1.71557207833024e-167,5.290680447609478e-94,3.152284263397153e-286,validated_single_precision
tizr,550.0,509.340625,1.0,True,H:\catmap\catmap\lyq_alkene_epoxidation\2-creating_microkinetic_model\analysis_ooh\recovery_v2\seeds\tizr\T550_T050934062.pkl,4.129153050775467e-63,1.9680680633142617e-130,8.258306101550934e-63,0.0,validated_single_precision
tizr,550.0,495.7875,1.0,False,,0.9999999999992275,1.0000001233274063,2.0000000001209184,4.2030456845295373e-286,failed_steady_state_checks
tizr,550.0,482.234375,1.0,False,,0.9999999999992275,1.0,1.9999997563044951,5.253807105661922e-286,failed_steady_state_checks
tizr,550.0,468.68125,1.0,False,,0.9999999999992275,1.0,1.99785113312914,4.2030456845295373e-286,failed_steady_state_checks
tizr,550.0,455.12812499999995,1.0,False,,0.9999999999999992,1.0,1.4134878489803184,4.2030456845295373e-286,failed_steady_state_checks
tizr,550.0,441.575,1.0,False,,1.0,1.0,1.4156992353980071,0.0,failed_steady_state_checks
tizr,550.0,428.021875,1.0,False,,1.0,1.0,2.0000006878750423,0.0,failed_steady_state_checks
tizr,550.0,414.46875,1.0,False,,1.0,0.999999963524089,2.000000000000086,0.0,failed_steady_state_checks
tizr,550.0,400.915625,1.0,False,,1.0,4.3815703305124016e-21,2.000000006124408,4.2030456845295373e-286,failed_steady_state_checks
tizr,550.0,387.36249999999995,1.0,False,,1.0,1.1129723817271856e-62,2.0000110252318843,2.1015228422647686e-286,failed_steady_state_checks
tizr,550.0,373.809375,1.0,False,,1.0,2.112138480971534e-62,2.023317178964567,3.152284263397153e-286,failed_steady_state_checks
tizr,550.0,360.25624999999997,1.0,False,,1.0,1.2184940647086408e-44,2.003234807343599,4.2030456845295373e-286,failed_steady_state_checks
tizr,550.0,346.703125,1.0,False,,1.0,4.512767839956182e-20,2.0000004665989572,0.0,failed_steady_state_checks
tizr,550.0,333.15,1.0,False,,1.0,1.0,2.000000074639204,2.1015228422647686e-286,failed_steady_state_checks
tizr,750.0,750.0,1.0,False,,0.9999999999999938,2.3479617134428363e-19,2.000000079009509,2.1015228422647686e-286,failed_steady_state_checks
tizr,750.0,723.946875,1.0,True,H:\catmap\catmap\lyq_alkene_epoxidation\2-creating_microkinetic_model\analysis_ooh\recovery_v2\seeds\tizr\T750_T072394688.pkl,6.822040172458987e-90,1.2903583996903314e-139,1.3644080344917974e-89,4.2030456845295373e-286,validated_single_precision
tizr,750.0,697.89375,1.0,True,H:\catmap\catmap\lyq_alkene_epoxidation\2-creating_microkinetic_model\analysis_ooh\recovery_v2\seeds\tizr\T750_T069789375.pkl,1.1145242863225281e-138,1.1145242863225281e-138,1.5761753613115137e-138,3.152284263397153e-286,validated_single_precision
tizr,750.0,671.840625,1.0,False,,0.9999999979432167,1.0000000426025955,2.0000000792302535,5.253807105661922e-286,failed_steady_state_checks
tizr,750.0,645.7875,1.0,False,,0.9999999979431956,1.0,2.000000079230253,0.0,failed_steady_state_checks
tizr,750.0,619.734375,1.0,False,,0.9999999979431938,1.0,1.999999513533833,2.1015228422647686e-286,failed_steady_state_checks
tizr,750.0,593.68125,1.0,False,,0.999999999876862,1.0,1.3780184293617044,1.0507614211323843e-286,failed_steady_state_checks
tizr,750.0,567.628125,1.0,False,,0.9999999999999997,1.0,1.4142859480376095,2.1015228422647686e-286,failed_steady_state_checks
tizr,750.0,541.575,1.0,False,,1.0,1.0,1.4142257808904808,1.0507614211323843e-286,failed_steady_state_checks
tizr,750.0,515.521875,1.0,False,,1.0,1.0,1.4387247057184906,4.2030456845295373e-286,failed_steady_state_checks
tizr,750.0,489.46875,1.0,False,,1.0,1.0,1.4159165080414713,3.152284263397153e-286,failed_steady_state_checks
tizr,750.0,463.415625,1.0,False,,1.0,1.0,1.414214259018054,2.1015228422647686e-286,failed_steady_state_checks
tizr,750.0,437.36249999999995,1.0,False,,1.0,1.0,1.4142135624001733,0.0,failed_steady_state_checks
tizr,750.0,411.309375,1.0,False,,1.0,1.0,1.4142135623730987,4.2030456845295373e-286,failed_steady_state_checks
tizr,750.0,385.25624999999997,1.0,False,,1.0,1.0,1.4142135623730951,3.152284263397153e-286,failed_steady_state_checks
tizr,750.0,359.203125,1.0,False,,1.0,1.0,1.4142135623730951,2.1015228422647686e-286,failed_steady_state_checks
tizr,750.0,333.15,1.0,False,,1.0,1.0,1.4142135623730951,5.253807105661922e-286,failed_steady_state_checks
titi,550.0,550.0,1.0,False,,0.9530423144726068,1.000000125343378,1.3510734697584896,2.1015228422647686e-286,failed_steady_state_checks
titi,550.0,536.446875,1.0,True,H:\catmap\catmap\lyq_alkene_epoxidation\2-creating_microkinetic_model\analysis_ooh\recovery_v2\seeds\titi\T550_T053644688.pkl,3.450819494252353e-113,3.450819494252353e-113,4.8801957300731424e-113,2.1015228422647686e-286,validated_single_precision
titi,550.0,522.89375,1.0,True,H:\catmap\catmap\lyq_alkene_epoxidation\2-creating_microkinetic_model\analysis_ooh\recovery_v2\seeds\titi\T550_T052289375.pkl,3.1135801478554835e-89,3.1135801478554835e-89,4.403267272632852e-89,4.2030456845295373e-286,validated_single_precision
titi,550.0,509.340625,1.0,True,H:\catmap\catmap\lyq_alkene_epoxidation\2-creating_microkinetic_model\analysis_ooh\recovery_v2\seeds\titi\T550_T050934062.pkl,9.058961196147783e-124,3.391359129652994e-167,1.8117922392295567e-123,4.2030456845295373e-286,validated_single_precision
titi,550.0,495.7875,1.0,False,,1.000000000014119,0.999999999633455,2.4494897427891433,2.1015228422647686e-286,failed_steady_state_checks
titi,550.0,482.234375,1.0,False,,1.0000000000101033,0.9999997027963258,2.4494897427853295,0.0,failed_steady_state_checks
titi,550.0,468.68125,1.0,False,,1.0000030912399946,1.4851875987431238,2.44948789337817,3.152284263397153e-286,failed_steady_state_checks
titi,550.0,455.12812499999995,1.0,False,,0.9146630373602156,1.0,1.3145856092497494,3.152284263397153e-286,failed_steady_state_checks
titi,550.0,441.575,1.0,False,,0.9999957732026565,1.0,1.415033012939854,0.0,failed_steady_state_checks
titi,550.0,428.021875,1.0,False,,0.99999997431576,1.0,1.41433379417236,5.253807105661922e-286,failed_steady_state_checks
titi,550.0,414.46875,1.0,False,,0.9999999994906824,1.0,1.4142332689068489,4.2030456845295373e-286,failed_steady_state_checks
titi,550.0,400.915625,1.0,False,,0.9999999999858948,1.0,1.4142174700161174,5.253807105661922e-286,failed_steady_state_checks
titi,550.0,387.36249999999995,1.0,False,,0.9999999999998196,1.0,1.4142140810157218,0.0,failed_steady_state_checks
titi,550.0,373.809375,1.0,False,,0.9999999999999982,1.0,1.4142136577454505,1.0507614211323843e-286,failed_steady_state_checks
titi,550.0,360.25624999999997,1.0,False,,1.0,1.0,1.4142198262246874,1.0507614211323843e-286,failed_steady_state_checks
titi,550.0,346.703125,1.0,False,,1.0,1.0,1.4158986428608142,4.2030456845295373e-286,failed_steady_state_checks
titi,550.0,333.15,1.0,False,,1.0,1.0,2.825400335870895,2.1015228422647686e-286,failed_steady_state_checks
titi,750.0,750.0,1.0,False,,1.0000000081377354,1.0000001253340816,2.449489745993132,4.2030456845295373e-286,failed_steady_state_checks
titi,750.0,723.946875,1.0,True,H:\catmap\catmap\lyq_alkene_epoxidation\2-creating_microkinetic_model\analysis_ooh\recovery_v2\seeds\titi\T750_T072394688.pkl,5.268884419501262e-104,5.268884419501262e-104,7.451327804634976e-104,1.0507614211323843e-286,validated_single_precision
titi,750.0,697.89375,1.0,True,H:\catmap\catmap\lyq_alkene_epoxidation\2-creating_microkinetic_model\analysis_ooh\recovery_v2\seeds\titi\T750_T069789375.pkl,4.020655023142201e-118,4.020655023142201e-118,5.68606486335121e-118,0.0,validated_single_precision
titi,750.0,671.840625,1.0,False,,1.000000010519199,0.9999171675677633,2.4494897472684225,4.2030456845295373e-286,failed_steady_state_checks
titi,750.0,645.7875,1.0,False,,1.0000000081618559,0.9002838955285154,2.4494897462301073,2.1015228422647686e-286,failed_steady_state_checks
titi,750.0,619.734375,1.0,False,,1.0000000080627918,1.0,2.449489745805804,3.152284263397153e-286,failed_steady_state_checks
titi,750.0,593.68125,1.0,False,,1.0040969303779892,1.0,2.4493635474484203,0.0,failed_steady_state_checks
titi,750.0,567.628125,1.0,False,,1.1074611216834163,1.0,2.4054220006345024,2.1015228422647686e-286,failed_steady_state_checks
titi,750.0,541.575,1.0,False,,0.9312897042077102,1.0,1.429163322961793,6.304568526794306e-286,failed_steady_state_checks
titi,750.0,515.521875,1.0,False,,0.9993388734649903,1.0,1.4230456191843606,2.1015228422647686e-286,failed_steady_state_checks
titi,750.0,489.46875,1.0,False,,0.9999960872730346,1.0,1.4150617673001162,4.2030456845295373e-286,failed_steady_state_checks
titi,750.0,463.415625,1.0,False,,0.9999999894051194,1.0,1.41509016481639,0.0,failed_steady_state_checks
titi,750.0,437.36249999999995,1.0,False,,0.9999999999993859,1.0,2.0489345711713054,2.1015228422647686e-286,failed_steady_state_checks
titi,750.0,411.309375,1.0,False,,0.9999999999999749,1.0,2.0003348707942243,2.1015228422647686e-286,failed_steady_state_checks
titi,750.0,385.25624999999997,1.0,False,,1.0,1.0,2.0000000566582177,2.1015228422647686e-286,failed_steady_state_checks
titi,750.0,359.203125,1.0,False,,1.0,1.0,2.0000000000372844,4.2030456845295373e-286,failed_steady_state_checks
titi,750.0,333.15,1.0,False,,1.0,1.0,2.0000000185911952,2.1015228422647686e-286,failed_steady_state_checks
tita,550.0,550.0,1.0,False,,1.0,1.0,1.414213562376219,2.1015228422647686e-286,failed_steady_state_checks
tita,550.0,536.446875,1.0,False,,1.0,1.0,1.4142135623730951,0.0,failed_steady_state_checks
tita,550.0,522.89375,1.0,False,,1.0,1.0,1.4142135623730951,3.152284263397153e-286,failed_steady_state_checks
tita,550.0,509.340625,1.0,False,,1.0,1.0,1.4142135623730951,0.0,failed_steady_state_checks
tita,550.0,495.7875,1.0,False,,1.0,1.0,1.4142135623730951,3.152284263397153e-286,failed_steady_state_checks
tita,550.0,482.234375,1.0,False,,1.0,1.0,1.4142135623730951,1.0507614211323843e-286,failed_steady_state_checks
tita,550.0,468.68125,1.0,False,,1.0,1.0,1.4142135623730951,4.2030456845295373e-286,failed_steady_state_checks
tita,550.0,455.12812499999995,1.0,False,,1.0,1.0,1.4142135623730951,2.1015228422647686e-286,failed_steady_state_checks
tita,550.0,441.575,1.0,False,,1.0,1.0,1.4142135623730951,3.152284263397153e-286,failed_steady_state_checks
tita,550.0,428.021875,1.0,False,,1.0,1.0,1.4142135623730951,2.1015228422647686e-286,failed_steady_state_checks
tita,550.0,414.46875,1.0,False,,1.0,1.0,1.4142135623730951,3.152284263397153e-286,failed_steady_state_checks
tita,550.0,400.915625,1.0,False,,1.0,1.0,1.4142135623730951,3.152284263397153e-286,failed_steady_state_checks
tita,550.0,387.36249999999995,1.0,False,,1.0,1.0,1.4142135623730951,0.0,failed_steady_state_checks
tita,550.0,373.809375,1.0,False,,1.0,1.0,1.4142135623730951,4.2030456845295373e-286,failed_steady_state_checks
tita,550.0,360.25624999999997,1.0,False,,1.0,1.0,1.4142135623730951,4.2030456845295373e-286,failed_steady_state_checks
tita,550.0,346.703125,1.0,False,,1.0,1.0,1.4142135623234204,4.2030456845295373e-286,failed_steady_state_checks
tita,550.0,333.15,1.0,False,,1.0,1.0,2.3477566865193404,4.2030456845295373e-286,failed_steady_state_checks
tita,750.0,750.0,1.0,False,,1.0,0.9999999999988856,2.027658485128071,4.2030456845295373e-286,failed_steady_state_checks
tita,750.0,723.946875,1.0,False,,1.0,1.0,1.414213562373032,2.1015228422647686e-286,failed_steady_state_checks
tita,750.0,697.89375,1.0,False,,1.0,1.0,1.4142135623730892,2.1015228422647686e-286,failed_steady_state_checks
tita,750.0,671.840625,1.0,False,,1.0,1.0,1.4142135623730947,2.1015228422647686e-286,failed_steady_state_checks
tita,750.0,645.7875,1.0,False,,1.0,1.0,1.4142135623730951,4.2030456845295373e-286,failed_steady_state_checks
tita,750.0,619.734375,1.0,False,,1.0,1.0,1.4142135623730951,6.304568526794306e-286,failed_steady_state_checks
tita,750.0,593.68125,1.0,False,,1.0,1.0,1.4142135623730951,6.304568526794306e-286,failed_steady_state_checks
tita,750.0,567.628125,1.0,False,,1.0,1.0,1.4142135623730951,4.2030456845295373e-286,failed_steady_state_checks
tita,750.0,541.575,1.0,False,,1.0,1.0,1.4142135623730951,0.0,failed_steady_state_checks
tita,750.0,515.521875,1.0,False,,1.0,1.0,1.4142135623730951,2.1015228422647686e-286,failed_steady_state_checks
tita,750.0,489.46875,1.0,False,,1.0,1.0,1.4142135623723748,2.1015228422647686e-286,failed_steady_state_checks
tita,750.0,463.415625,1.0,False,,1.0,1.0,2.322135811671088,3.152284263397153e-286,failed_steady_state_checks
tita,750.0,437.36249999999995,1.0,False,,1.0,1.0,2.322135811671088,3.152284263397153e-286,failed_steady_state_checks
tita,750.0,411.309375,1.0,False,,1.0,1.0,2.322135811671088,3.152284263397153e-286,failed_steady_state_checks
tita,750.0,385.25624999999997,1.0,False,,1.0,1.0,2.322135811671088,3.152284263397153e-286,failed_steady_state_checks
tita,750.0,359.203125,1.0,False,,1.0,1.0,2.322135811671088,3.152284263397153e-286,failed_steady_state_checks
tita,750.0,333.15,1.0,False,,1.0,1.0,2.322135811671088,3.152284263397153e-286,failed_steady_state_checks
ticr,550.0,550.0,1.0,False,,0.9999999019889454,3.0820584375458784e-06,2.0340505312096564,0.0,failed_steady_state_checks
ticr,550.0,536.446875,1.0,False,,0.9999999999999997,1.0,1.4142135623730945,1.0507614211323843e-286,failed_steady_state_checks
ticr,550.0,522.89375,1.0,False,,0.9999999999999999,1.0,1.414213562373095,2.1015228422647686e-286,failed_steady_state_checks
ticr,550.0,509.340625,1.0,False,,1.0,1.0,1.4142135623730951,6.304568526794306e-286,failed_steady_state_checks
ticr,550.0,495.7875,1.0,False,,1.0,1.0,1.414213562373095,3.152284263397153e-286,failed_steady_state_checks
ticr,550.0,482.234375,1.0,False,,0.9999999999999998,1.0,1.4142135623730947,6.304568526794306e-286,failed_steady_state_checks
ticr,550.0,468.68125,1.0,False,,0.999999999999999,1.0,1.4142135623730936,2.1015228422647686e-286,failed_steady_state_checks
ticr,550.0,455.12812499999995,1.0,False,,0.999999999999997,1.0,1.4142135623730907,4.2030456845295373e-286,failed_steady_state_checks
ticr,550.0,441.575,1.0,False,,0.9999999999999898,1.0,1.4142135623730805,6.304568526794306e-286,failed_steady_state_checks
ticr,550.0,428.021875,1.0,False,,0.9999999999999233,1.0,1.4142135623729855,4.2030456845295373e-286,failed_steady_state_checks
ticr,550.0,414.46875,1.0,False,,0.9999999999992975,1.0,1.4142135623720906,2.1015228422647686e-286,failed_steady_state_checks
ticr,550.0,400.915625,1.0,False,,0.9999999997454057,1.0,1.4142135620088552,6.304568526794306e-286,failed_steady_state_checks
ticr,550.0,387.36249999999995,1.0,False,,0.9999999999963711,1.0,1.414213562367899,1.0507614211323843e-286,failed_steady_state_checks
ticr,550.0,373.809375,1.0,False,,0.9999999999999852,1.0,1.4142135623730738,2.1015228422647686e-286,failed_steady_state_checks
ticr,550.0,360.25624999999997,1.0,False,,0.9999999999999998,1.0,1.4142135623730947,4.2030456845295373e-286,failed_steady_state_checks
ticr,550.0,346.703125,1.0,False,,1.0,1.0,1.4142135623730951,0.0,failed_steady_state_checks
ticr,550.0,333.15,1.0,False,,1.0,1.0,1.4142135623730951,6.304568526794306e-286,failed_steady_state_checks
ticr,750.0,750.0,1.0,False,,0.9999885699232528,0.6629070268504889,2.132843107796471,0.0,failed_steady_state_checks
ticr,750.0,723.946875,1.0,False,,0.9999622472518839,1.0,1.4141592024035305,4.2030456845295373e-286,failed_steady_state_checks
ticr,750.0,697.89375,1.0,False,,0.9999960632831199,1.0,1.4142078902825075,8.406091369059075e-286,failed_steady_state_checks
ticr,750.0,671.840625,1.0,False,,0.9999996542357265,1.0,1.414213063845018,8.406091369059075e-286,failed_steady_state_checks
ticr,750.0,645.7875,1.0,False,,0.9999832719251829,1.0,1.4141894250436713,2.1015228422647686e-286,failed_steady_state_checks
ticr,750.0,619.734375,1.0,False,,0.9998377481127129,1.0,1.4139792675317493,6.304568526794306e-286,failed_steady_state_checks
ticr,750.0,593.68125,1.0,False,,0.9991060867285992,1.0,1.4129223013773127,4.2030456845295373e-286,failed_steady_state_checks
ticr,750.0,567.628125,1.0,False,,0.9900896056826637,1.0,1.4000059128652875,6.304568526794306e-286,failed_steady_state_checks
ticr,750.0,541.575,1.0,False,,1.0054489544672698,1.0000000000000024,2.442457072906642,5.253807105661922e-286,failed_steady_state_checks
ticr,750.0,515.521875,1.0,False,,0.9869897093443334,1.0,1.3955597891933744,2.1015228422647686e-286,failed_steady_state_checks
ticr,750.0,489.46875,1.0,False,,0.999950899223163,1.0,1.4141421252272661,4.2030456845295373e-286,failed_steady_state_checks
ticr,750.0,463.415625,1.0,False,,0.9999998590250229,1.0,1.414213356747008,2.1015228422647686e-286,failed_steady_state_checks
ticr,750.0,437.36249999999995,1.0,False,,0.99999999994906,1.0,1.414213562298564,0.0,failed_steady_state_checks
ticr,750.0,411.309375,1.0,False,,0.999999998954613,1.0,1.4142135608376012,0.0,failed_steady_state_checks
ticr,750.0,385.25624999999997,1.0,False,,0.9999998148910076,1.0000000000000002,1.4142132891053765,5.253807105661922e-286,failed_steady_state_checks
ticr,750.0,359.203125,1.0,False,,0.9999934012434648,1.000000000000006,1.4142037556259361,0.0,failed_steady_state_checks
ticr,750.0,333.15,1.0,False,,0.9997987651256238,1.0000000000003593,1.4139118013572527,2.1015228422647686e-286,failed_steady_state_checks
