surface,status,quality_status,quality_pass,refinement_stable,independent_seed_validated_count,independent_seed_delta_log10_TOF,independent_seed_agreement,vetted_source_seed_count,attempted_source_temperatures_K,run_precision,run_tolerance,temperature_K,pressure_mode,gas_thermo_mode,adsorbate_thermo_mode,gas_effective_activities,kinetic_prefactor_assumption,initial_seed_temperature_K,initial_seed_source,solver_mode,net_C6H12O,net_C6H12O_high_precision,log10_net_C6H12O,net_C6H12,net_H2O2,net_H2O,theta_OOH,theta_OH,theta_O,theta_vacant,dominant_species,dominant_coverage,cycle_max_relative_error,cycle_max_absolute_error,balance_max_relative_error,balance_max_absolute_error,steady_state_residual_max_abs,steady_state_residual_relative_to_max_rate,coverage_sum_error,cycle_max_rate_abs,fit_rate_threshold,step_rate_1,step_rate_2,step_rate_3,step_rate_4,step_rate_5,step_rate_6,step_rate_7,step_rate_8,source_temperature_K,seed_file,recovery_stage,refinement_delta_log10_TOF
timn,no validated map point,no_vetted_source_seed,False,False,,,,,,,,,,,,,,,,,,,,,,,,,,,,,,,,,,,,,,,,,,,,,,,,,
tihf,no validated map point,no_vetted_source_seed,False,False,,,,,,,,,,,,,,,,,,,,,,,,,,,,,,,,,,,,,,,,,,,,,,,,,
tire,no validated map point,no_vetted_source_seed,False,False,,,,,,,,,,,,,,,,,,,,,,,,,,,,,,,,,,,,,,,,,,,,,,,,,
timo,no validated map point,no_vetted_source_seed,False,False,,,,,,,,,,,,,,,,,,,,,,,,,,,,,,,,,,,,,,,,,,,,,,,,,
tiv,no validated map point,no_vetted_source_seed,False,False,,,,,,,,,,,,,,,,,,,,,,,,,,,,,,,,,,,,,,,,,,,,,,,,,
tizr,not independently validated,insufficient_independent_valid_roots,False,False,0.0,,False,3.0,509.34062;536.44687;723.94687,,,,,,,,,,,,,,,,,,,,,,,,,,,,,,,,,,,,,,,,,,,,
titi,solved,different_valid_steady_state_branches,False,False,2.0,1.9670679526411377,False,3.0,509.34062;536.44687;723.94687,360.0,1e-260,333.15,concentration,frozen_gas,frozen_adsorbate,"{'C6H12_g': 1.0, 'H2O2_g': 0.185, 'H2O_g': 0.815, 'C6H12O_g': 1e-20}",CatMAP setup default (no explicit prefactor_list in base file),509.340625,H:\catmap\catmap\lyq_alkene_epoxidation\2-creating_microkinetic_model\analysis_ooh\recovery_v2\seeds\titi\T550_T050934062.pkl,numbers,1.4848348287511499e-21,1.484834828751149937499278239674005116593e-21,-20.828321854058245,-1.4848348287511499e-21,-1.4848348287511499e-21,1.4848348287511499e-21,1.232294136146793e-07,0.27370848612035953,4.542920496098751e-10,3.3536093889597534e-10,H2O_s,0.7262913634593698,2.182005490698774e-112,3.2399177491157833e-133,1.8362465752438342e-167,2.7265228690970644e-188,6.479836956912314e-133,4.3640119637834135e-112,0.0,1.4848348287511499e-21,0.0,1.4848348287511499e-21,1.4848348287511499e-21,1.4848348287511499e-21,1.4848348287511499e-21,1.4848348287511499e-21,1.4848348287511499e-21,1.4848348287511499e-21,1.4848348287511499e-21,509.340625,H:\catmap\catmap\lyq_alkene_epoxidation\2-creating_microkinetic_model\analysis_ooh\recovery_v2\seeds\titi\T550_T050934062.pkl,2.0,0.0
tita,no validated map point,no_vetted_source_seed,False,False,,,,,,,,,,,,,,,,,,,,,,,,,,,,,,,,,,,,,,,,,,,,,,,,,
ticr,no validated map point,no_vetted_source_seed,False,False,,,,,,,,,,,,,,,,,,,,,,,,,,,,,,,,,,,,,,,,,,,,,,,,,
