surface,status,run_precision,run_tolerance,temperature_K,pressure_mode,gas_thermo_mode,adsorbate_thermo_mode,gas_effective_activities,kinetic_prefactor_assumption,initial_seed_temperature_K,initial_seed_source,solver_mode,net_C6H12O,net_C6H12O_high_precision,log10_net_C6H12O,net_C6H12,net_H2O2,net_H2O,theta_OOH,theta_OH,theta_O,theta_vacant,dominant_species,dominant_coverage,cycle_max_relative_error,cycle_max_absolute_error,balance_max_relative_error,balance_max_absolute_error,steady_state_residual_max_abs,steady_state_residual_relative_to_max_rate,coverage_sum_error,cycle_max_rate_abs,quality_status,quality_pass,fit_rate_threshold,step_rate_1,step_rate_2,step_rate_3,step_rate_4,step_rate_5,step_rate_6,step_rate_7,step_rate_8,source_temperature_K,seed_file,recovery_stage,refinement_stable,refinement_delta_log10_TOF
tizr,solved,260,1e-180,333.15,concentration,frozen_gas,frozen_adsorbate,"{'C6H12_g': 1.0, 'H2O2_g': 0.185, 'H2O_g': 0.815, 'C6H12O_g': 1e-20}",CatMAP setup default (no explicit prefactor_list in base file),509.340625,H:\catmap\catmap\lyq_alkene_epoxidation\2-creating_microkinetic_model\analysis_ooh\recovery_v2\seeds\tizr\T550_T050934062.pkl,numbers,5.002283861369142e-181,5.002283861369141868995236574674223558282e-181,-180.30083166727798,-5.002283861369142e-181,-5.002283861369142e-181,5.002283861369142e-181,8.053233041736759e-91,1.398265974040961e-101,0.0025260031184912942,9.371465467308566e-34,Ha_s,0.9974739968815087,1.0,7.630407939845109e-92,8.4082554578331e-126,4.206048057898752e-306,1.526081587969022e-91,2.0000000000000004,2.1015228422647686e-286,7.630407939845109e-92,failed_steady_state_checks,False,0.0,5.002283861369142e-181,5.002283861369142e-181,5.002283861369142e-181,-1.2344487795448519e-147,5.002283861369142e-181,1.2444504059087679e-99,7.630407939845109e-92,5.002283861369142e-181,509.340625,H:\catmap\catmap\lyq_alkene_epoxidation\2-creating_microkinetic_model\analysis_ooh\recovery_v2\seeds\tizr\T550_T050934062.pkl,1,False,
tizr,solved,360,1e-260,333.15,concentration,frozen_gas,frozen_adsorbate,"{'C6H12_g': 1.0, 'H2O2_g': 0.185, 'H2O_g': 0.815, 'C6H12O_g': 1e-20}",CatMAP setup default (no explicit prefactor_list in base file),509.340625,H:\catmap\catmap\lyq_alkene_epoxidation\2-creating_microkinetic_model\analysis_ooh\recovery_v2\seeds\tizr\T550_T050934062.pkl,numbers,5.002283861369142e-181,5.002283861369141868995236574674223559108e-181,-180.30083166727798,-5.002283861369142e-181,-5.002283861369142e-181,5.002283861369142e-181,8.053233041736759e-91,1.3975451809344654e-101,0.0025260031184912942,9.371465467308566e-34,Ha_s,0.9974739968815087,1.0,1.5339035526685097e-131,2.4220199829445976e-226,0.0,3.0678071053370193e-131,2.0,0.0,1.5339035526685097e-131,failed_steady_state_checks,False,0.0,5.002283861369142e-181,5.002283861369142e-181,5.002283861369142e-181,-1.4715527577624416e-179,5.002283861369142e-181,1.5339035526685097e-131,5.002283861369142e-181,5.002283861369142e-181,509.340625,H:\catmap\catmap\lyq_alkene_epoxidation\2-creating_microkinetic_model\analysis_ooh\recovery_v2\seeds\tizr\T550_T050934062.pkl,2,False,0.0
tizr,solved,460,1e-340,333.15,concentration,frozen_gas,frozen_adsorbate,"{'C6H12_g': 1.0, 'H2O2_g': 0.185, 'H2O_g': 0.815, 'C6H12O_g': 1e-20}",CatMAP setup default (no explicit prefactor_list in base file),509.340625,H:\catmap\catmap\lyq_alkene_epoxidation\2-creating_microkinetic_model\analysis_ooh\recovery_v2\seeds\tizr\T550_T050934062.pkl,numbers,5.002283861369142e-181,5.002283861369141868995236574674223559108e-181,-180.30083166727798,-5.002283861369142e-181,-5.002283861369142e-181,5.002283861369142e-181,8.053233041736759e-91,1.3975451809344654e-101,0.0025260031184912942,9.371465467308566e-34,Ha_s,0.9974739968815087,0.9999999998214445,2.8015281241006154e-171,0.0,0.0,5.603056248201231e-171,1.999999999642889,0.0,2.8015281246008436e-171,failed_steady_state_checks,False,0.0,5.002283861369142e-181,5.002283861369142e-181,5.002283861369142e-181,5.002283861369142e-181,5.002283861369142e-181,2.8015281246008436e-171,5.002283861369142e-181,5.002283861369142e-181,509.340625,H:\catmap\catmap\lyq_alkene_epoxidation\2-creating_microkinetic_model\analysis_ooh\recovery_v2\seeds\tizr\T550_T050934062.pkl,3,False,0.0
tizr,solved,260,1e-180,333.15,concentration,frozen_gas,frozen_adsorbate,"{'C6H12_g': 1.0, 'H2O2_g': 0.185, 'H2O_g': 0.815, 'C6H12O_g': 1e-20}",CatMAP setup default (no explicit prefactor_list in base file),536.446875,H:\catmap\catmap\lyq_alkene_epoxidation\2-creating_microkinetic_model\analysis_ooh\recovery_v2\seeds\tizr\T550_T053644688.pkl,numbers,3.374037784124558e-188,3.374037784124557724931649921031024292655e-188,-187.47185005827774,-3.374037784124558e-188,-3.374037784124558e-188,3.374037784124558e-188,9.082886637286506e-95,5.9413440540691106e-105,1.8419752486497065e-08,2.5684345690524888e-36,Ha_s,0.9999999815802475,1.0,6.727189774613984e-98,2.1854904676982285e-121,7.373927414857876e-309,1.345437973991252e-97,2.0000000283453505,4.2030456845295373e-286,6.727189774613984e-98,failed_steady_state_checks,False,0.0,3.374037784124558e-188,-6.727189774613984e-98,3.374037784124558e-188,-5.778409320354574e-156,3.374037784124558e-188,3.813690644306004e-105,3.374037784124558e-188,3.374037784124558e-188,536.446875,H:\catmap\catmap\lyq_alkene_epoxidation\2-creating_microkinetic_model\analysis_ooh\recovery_v2\seeds\tizr\T550_T053644688.pkl,1,False,
tizr,solved,360,1e-260,333.15,concentration,frozen_gas,frozen_adsorbate,"{'C6H12_g': 1.0, 'H2O2_g': 0.185, 'H2O_g': 0.815, 'C6H12O_g': 1e-20}",CatMAP setup default (no explicit prefactor_list in base file),536.446875,H:\catmap\catmap\lyq_alkene_epoxidation\2-creating_microkinetic_model\analysis_ooh\recovery_v2\seeds\tizr\T550_T053644688.pkl,numbers,3.374037784124558e-188,3.374037784124557724931649921031024333479e-188,-187.47185005827774,-3.374037784124558e-188,-3.374037784124558e-188,3.374037784124558e-188,9.082886637286505e-95,5.9413440540691106e-105,1.8419752486497065e-08,2.5684345690524888e-36,Ha_s,0.9999999815802475,1.0,4.929079630069986e-131,1.524046057016286e-221,0.0,9.858159260139972e-131,2.0,0.0,4.929079630069986e-131,failed_steady_state_checks,False,0.0,3.374037784124558e-188,3.374037784124558e-188,3.374037784124558e-188,-7.468415627826312e-182,3.374037784124558e-188,4.929079630069986e-131,3.374037784124558e-188,3.374037784124558e-188,536.446875,H:\catmap\catmap\lyq_alkene_epoxidation\2-creating_microkinetic_model\analysis_ooh\recovery_v2\seeds\tizr\T550_T053644688.pkl,2,False,0.0
tizr,solved,460,1e-340,333.15,concentration,frozen_gas,frozen_adsorbate,"{'C6H12_g': 1.0, 'H2O2_g': 0.185, 'H2O_g': 0.815, 'C6H12O_g': 1e-20}",CatMAP setup default (no explicit prefactor_list in base file),536.446875,H:\catmap\catmap\lyq_alkene_epoxidation\2-creating_microkinetic_model\analysis_ooh\recovery_v2\seeds\tizr\T550_T053644688.pkl,numbers,3.374037784124558e-188,3.374037784124557724931649921031024333479e-188,-187.47185005827774,-3.374037784124558e-188,-3.374037784124558e-188,3.374037784124558e-188,9.082886637286505e-95,5.9413440540691106e-105,1.8419752486497065e-08,2.5684345690524888e-36,Ha_s,0.9999999815802475,1.0,2.263314609180798e-171,9.44e-322,0.0,4.526629218361596e-171,2.0,0.0,2.263314609180798e-171,failed_steady_state_checks,False,0.0,3.374037784124558e-188,3.374037784124558e-188,3.374037784124558e-188,3.374037784124558e-188,3.374037784124558e-188,2.263314609180798e-171,3.374037784124558e-188,3.374037784124558e-188,536.446875,H:\catmap\catmap\lyq_alkene_epoxidation\2-creating_microkinetic_model\analysis_ooh\recovery_v2\seeds\tizr\T550_T053644688.pkl,3,False,0.0
tizr,solved,260,1e-180,333.15,concentration,frozen_gas,frozen_adsorbate,"{'C6H12_g': 1.0, 'H2O2_g': 0.185, 'H2O_g': 0.815, 'C6H12O_g': 1e-20}",CatMAP setup default (no explicit prefactor_list in base file),723.946875,H:\catmap\catmap\lyq_alkene_epoxidation\2-creating_microkinetic_model\analysis_ooh\recovery_v2\seeds\tizr\T750_T072394688.pkl,numbers,2.1334315178123143e-219,2.133431517812314191908587059372297562355e-219,-218.67092129323754,-2.1334315178123143e-219,-2.1334315178123143e-219,2.1334315178123143e-219,1.450464899010558e-104,1.6156023772090564e-119,2.132471274200787e-130,7.228753507789187e-48,Ha_s,1.0,1.0,2.187968888474295e-91,5.7930962489544735e-102,1.236e-320,4.37593777694859e-91,2.0,5.253807105661922e-286,2.187968888474295e-91,failed_steady_state_checks,False,0.0,2.1334315178123143e-219,-2.187968888474295e-91,2.1334315178123143e-219,-1.0560364518211057e-200,2.1334315178123143e-219,4.260319066068428e-137,2.1334315178123143e-219,2.1334315178123143e-219,723.946875,H:\catmap\catmap\lyq_alkene_epoxidation\2-creating_microkinetic_model\analysis_ooh\recovery_v2\seeds\tizr\T750_T072394688.pkl,1,False,
tizr,solved,360,1e-260,333.15,concentration,frozen_gas,frozen_adsorbate,"{'C6H12_g': 1.0, 'H2O2_g': 0.185, 'H2O_g': 0.815, 'C6H12O_g': 1e-20}",CatMAP setup default (no explicit prefactor_list in base file),723.946875,H:\catmap\catmap\lyq_alkene_epoxidation\2-creating_microkinetic_model\analysis_ooh\recovery_v2\seeds\tizr\T750_T072394688.pkl,numbers,2.1334315178123143e-219,2.133431517812314191908587059372297562355e-219,-218.67092129323754,-2.1334315178123143e-219,-2.1334315178123143e-219,2.1334315178123143e-219,3.8741015023852723e-112,1.6156023772090564e-119,3.10315412090973e-141,7.228753507789187e-48,Ha_s,1.0,1.0,1.4338335921228318e-135,9.38808694503886e-202,0.0,2.867667184245973e-135,2.0000000000002163,0.0,1.4338335921228318e-135,failed_steady_state_checks,False,0.0,2.1334315178123143e-219,-1.4338335921228318e-135,2.1334315178123143e-219,-1.5367352711739127e-211,2.1334315178123143e-219,6.19958018952228e-148,2.1334315178123143e-219,2.1334315178123143e-219,723.946875,H:\catmap\catmap\lyq_alkene_epoxidation\2-creating_microkinetic_model\analysis_ooh\recovery_v2\seeds\tizr\T750_T072394688.pkl,2,False,0.0
tizr,solved,460,1e-340,333.15,concentration,frozen_gas,frozen_adsorbate,"{'C6H12_g': 1.0, 'H2O2_g': 0.185, 'H2O_g': 0.815, 'C6H12O_g': 1e-20}",CatMAP setup default (no explicit prefactor_list in base file),723.946875,H:\catmap\catmap\lyq_alkene_epoxidation\2-creating_microkinetic_model\analysis_ooh\recovery_v2\seeds\tizr\T750_T072394688.pkl,numbers,2.1334315178123143e-219,2.133431517812314191908587059372297562355e-219,-218.67092129323754,-2.1334315178123143e-219,-2.1334315178123143e-219,2.1334315178123143e-219,3.8741015023852723e-112,1.6156023772090564e-119,1.026747570632225e-164,7.228753507789187e-48,Ha_s,1.0,1.0,2.051269015496262e-171,1.5972899390800495e-301,0.0,4.102538030992524e-171,2.0,0.0,2.051269015496262e-171,failed_steady_state_checks,False,0.0,2.1334315178123143e-219,2.1334315178123143e-219,2.1334315178123143e-219,2.1334315178123137e-219,2.1334315178123143e-219,2.051269015496262e-171,2.1334315178123143e-219,2.1334315178123143e-219,723.946875,H:\catmap\catmap\lyq_alkene_epoxidation\2-creating_microkinetic_model\analysis_ooh\recovery_v2\seeds\tizr\T750_T072394688.pkl,3,False,0.0
titi,solved,260,1e-180,333.15,concentration,frozen_gas,frozen_adsorbate,"{'C6H12_g': 1.0, 'H2O2_g': 0.185, 'H2O_g': 0.815, 'C6H12O_g': 1e-20}",CatMAP setup default (no explicit prefactor_list in base file),509.340625,H:\catmap\catmap\lyq_alkene_epoxidation\2-creating_microkinetic_model\analysis_ooh\recovery_v2\seeds\titi\T550_T050934062.pkl,numbers,1.4848348287511499e-21,1.484834828751149937499278239674005116593e-21,-20.828321854058245,-1.4848348287511499e-21,-1.4848348287511499e-21,1.4848348287511499e-21,1.232294136146793e-07,0.27370848612035953,4.542920496098751e-10,3.3536093889597534e-10,H2O_s,0.7262913634593698,2.182005490698774e-112,3.2399177491157833e-133,1.8362465752438342e-167,2.7265228690970644e-188,6.479836956912314e-133,4.3640119637834135e-112,0.0,1.4848348287511499e-21,validated_single_precision,True,0.0,1.4848348287511499e-21,1.4848348287511499e-21,1.4848348287511499e-21,1.4848348287511499e-21,1.4848348287511499e-21,1.4848348287511499e-21,1.4848348287511499e-21,1.4848348287511499e-21,509.340625,H:\catmap\catmap\lyq_alkene_epoxidation\2-creating_microkinetic_model\analysis_ooh\recovery_v2\seeds\titi\T550_T050934062.pkl,1,False,
titi,solved,360,1e-260,333.15,concentration,frozen_gas,frozen_adsorbate,"{'C6H12_g': 1.0, 'H2O2_g': 0.185, 'H2O_g': 0.815, 'C6H12O_g': 1e-20}",CatMAP setup default (no explicit prefactor_list in base file),509.340625,H:\catmap\catmap\lyq_alkene_epoxidation\2-creating_microkinetic_model\analysis_ooh\recovery_v2\seeds\titi\T550_T050934062.pkl,numbers,1.4848348287511499e-21,1.484834828751149937499278239674005116593e-21,-20.828321854058245,-1.4848348287511499e-21,-1.4848348287511499e-21,1.4848348287511499e-21,1.232294136146793e-07,0.27370848612035953,4.542920496098751e-10,3.3536093889597534e-10,H2O_s,0.7262913634593698,2.182005490698774e-112,3.2399177491157833e-133,1.8362465752438342e-167,2.7265228690970644e-188,6.479836956912314e-133,4.3640119637834135e-112,0.0,1.4848348287511499e-21,validated_single_precision,True,0.0,1.4848348287511499e-21,1.4848348287511499e-21,1.4848348287511499e-21,1.4848348287511499e-21,1.4848348287511499e-21,1.4848348287511499e-21,1.4848348287511499e-21,1.4848348287511499e-21,509.340625,H:\catmap\catmap\lyq_alkene_epoxidation\2-creating_microkinetic_model\analysis_ooh\recovery_v2\seeds\titi\T550_T050934062.pkl,2,True,0.0
titi,solved,260,1e-180,333.15,concentration,frozen_gas,frozen_adsorbate,"{'C6H12_g': 1.0, 'H2O2_g': 0.185, 'H2O_g': 0.815, 'C6H12O_g': 1e-20}",CatMAP setup default (no explicit prefactor_list in base file),536.446875,H:\catmap\catmap\lyq_alkene_epoxidation\2-creating_microkinetic_model\analysis_ooh\recovery_v2\seeds\titi\T550_T053644688.pkl,numbers,1.3764045467616606e-19,1.376404546761660585151147223191454313119e-19,-18.861253901417108,-1.3764045467616606e-19,-1.3764045467616606e-19,1.3764045467616606e-19,2.518229470440586e-07,6.379716297096814e-05,1.1737242577158217e-09,1.3822402033155016e-09,H2O_s,0.9999358604443838,4.97091281357361e-106,6.841986998158514e-125,2.5287135629883867e-120,3.4805328455550946e-139,1.3711061049192294e-124,9.961505199507679e-106,4.2030456845295373e-286,1.3764045467616606e-19,validated_single_precision,True,0.0,1.3764045467616606e-19,1.3764045467616606e-19,1.3764045467616606e-19,1.3764045467616606e-19,1.3764045467616606e-19,1.3764045467616606e-19,1.3764045467616606e-19,1.3764045467616606e-19,536.446875,H:\catmap\catmap\lyq_alkene_epoxidation\2-creating_microkinetic_model\analysis_ooh\recovery_v2\seeds\titi\T550_T053644688.pkl,1,False,
titi,solved,360,1e-260,333.15,concentration,frozen_gas,frozen_adsorbate,"{'C6H12_g': 1.0, 'H2O2_g': 0.185, 'H2O_g': 0.815, 'C6H12O_g': 1e-20}",CatMAP setup default (no explicit prefactor_list in base file),536.446875,H:\catmap\catmap\lyq_alkene_epoxidation\2-creating_microkinetic_model\analysis_ooh\recovery_v2\seeds\titi\T550_T053644688.pkl,numbers,1.3764045467616606e-19,1.376404546761660585151147223191454313119e-19,-18.861253901417108,-1.3764045467616606e-19,-1.3764045467616606e-19,1.3764045467616606e-19,2.518229470440586e-07,6.379716297096814e-05,1.1737242577158217e-09,1.3822402033155016e-09,H2O_s,0.9999358604443838,6.177363656910452e-212,8.502551424371786e-231,7.863082543067662e-230,1.082278256384057e-248,1.7038763657041514e-230,1.23791829205516e-211,0.0,1.3764045467616606e-19,validated_single_precision,True,0.0,1.3764045467616606e-19,1.3764045467616606e-19,1.3764045467616606e-19,1.3764045467616606e-19,1.3764045467616606e-19,1.3764045467616606e-19,1.3764045467616606e-19,1.3764045467616606e-19,536.446875,H:\catmap\catmap\lyq_alkene_epoxidation\2-creating_microkinetic_model\analysis_ooh\recovery_v2\seeds\titi\T550_T053644688.pkl,2,True,0.0
titi,solved,260,1e-180,333.15,concentration,frozen_gas,frozen_adsorbate,"{'C6H12_g': 1.0, 'H2O2_g': 0.185, 'H2O_g': 0.815, 'C6H12O_g': 1e-20}",CatMAP setup default (no explicit prefactor_list in base file),723.946875,H:\catmap\catmap\lyq_alkene_epoxidation\2-creating_microkinetic_model\analysis_ooh\recovery_v2\seeds\titi\T750_T072394688.pkl,numbers,1.4704081268540282e-225,1.470408126854028334582587703492630066714e-225,-224.8325621056328,-1.4704081268540282e-225,-1.4704081268540282e-225,1.4704081268540282e-225,5.530147504914311e-113,6.520400745791594e-110,0.001091640850723719,3.7974527044173217e-56,Ha_s,0.9989083591492762,1.0,1.744170868228927e-91,1.0689069355606406e-103,0.0,3.488341740679697e-91,2.0000000024205447,4.2030456845295373e-286,1.744170868228927e-91,failed_steady_state_checks,False,0.0,1.4704081268540282e-225,-8.332902360102559e-100,1.4704081268540282e-225,-1.912059568544288e-162,1.4704081268540282e-225,1.744170868228927e-91,9.825029575283987e-97,1.4704081268540282e-225,723.946875,H:\catmap\catmap\lyq_alkene_epoxidation\2-creating_microkinetic_model\analysis_ooh\recovery_v2\seeds\titi\T750_T072394688.pkl,1,False,
titi,solved,360,1e-260,333.15,concentration,frozen_gas,frozen_adsorbate,"{'C6H12_g': 1.0, 'H2O2_g': 0.185, 'H2O_g': 0.815, 'C6H12O_g': 1e-20}",CatMAP setup default (no explicit prefactor_list in base file),723.946875,H:\catmap\catmap\lyq_alkene_epoxidation\2-creating_microkinetic_model\analysis_ooh\recovery_v2\seeds\titi\T750_T072394688.pkl,numbers,1.4704081301577856e-225,1.470408130157785787937192407486703880736e-225,-224.83256210465703,-1.4704081301577856e-225,-1.4704081301577856e-225,1.4704081301577856e-225,2.8544243041945394e-122,1.4333902290120013e-125,0.001091640850723719,3.7974527044173217e-56,Ha_s,0.9989083591492762,1.0,3.2035359413623566e-131,1.296072027146781e-203,0.0,6.407071882724713e-131,2.0,0.0,3.2035359413623566e-131,failed_steady_state_checks,False,0.0,1.4704081301577856e-225,1.4704081301577856e-225,1.4704081301577856e-225,-3.511898783217986e-202,1.4704081301577856e-225,3.2035359413623566e-131,1.4704081301577856e-225,1.4704081301577856e-225,723.946875,H:\catmap\catmap\lyq_alkene_epoxidation\2-creating_microkinetic_model\analysis_ooh\recovery_v2\seeds\titi\T750_T072394688.pkl,2,False,9.757741281646304e-10
titi,solved,460,1e-340,333.15,concentration,frozen_gas,frozen_adsorbate,"{'C6H12_g': 1.0, 'H2O2_g': 0.185, 'H2O_g': 0.815, 'C6H12O_g': 1e-20}",CatMAP setup default (no explicit prefactor_list in base file),723.946875,H:\catmap\catmap\lyq_alkene_epoxidation\2-creating_microkinetic_model\analysis_ooh\recovery_v2\seeds\titi\T750_T072394688.pkl,numbers,1.4704081301577856e-225,1.470408130157785787937192407486703880736e-225,-224.83256210465703,-1.4704081301577856e-225,-1.4704081301577856e-225,1.4704081301577856e-225,2.8544243041945394e-122,1.4333902290120013e-125,0.001091640850723719,3.7974527044173217e-56,Ha_s,0.9989083591492762,1.0,1.4709915631748473e-171,1.5186377444048497e-303,0.0,2.9419831263496945e-171,2.0,0.0,1.4709915631748473e-171,failed_steady_state_checks,False,0.0,1.4704081301577856e-225,1.4704081301577856e-225,1.4704081301577856e-225,1.4704081301577856e-225,1.4704081301577856e-225,1.4709915631748473e-171,1.4704081301577856e-225,1.4704081301577856e-225,723.946875,H:\catmap\catmap\lyq_alkene_epoxidation\2-creating_microkinetic_model\analysis_ooh\recovery_v2\seeds\titi\T750_T072394688.pkl,3,False,0.0
