surface,species,E0_ads_eV,E0_slab_eV,E0_gas_eV,Eads_eV,G_ads_eV,G_slab_eV,G_gas_eV,dGads_eV
tife,H2O2,-888.863677,-871.128961,-18.146322,0.411606,-888.055199,-870.962186,-18.122091,1.029078
tife,OOH,-884.193888,-871.128961,-13.253377,0.18845,-883.605234,-870.962186,-13.012131,0.369083
tife,C6H12,-970.309766,-871.128961,-98.384723,-0.796082,-966.14116,-870.962186,-95.031223,-0.147751
tife,C6H12O,-976.618824,-871.128961,-104.474317,-1.015546,-972.2223845,-870.962186,-101.037771,-0.2224275
tife,H2O,-885.764541,-871.128961,-14.220005,-0.415575,-885.0369905,-870.962186,-14.204457,0.1296525
timn,H2O2,-890.848052,-872.094035,-18.146322,-0.607695,-890.048104,-871.9175995,-18.122091,-0.0084135
timn,OOH,-886.483889,-872.094035,-13.253377,-1.136477,-885.871928,-871.9175995,-13.012131,-0.9421975
timn,C6H12,-971.2541,-872.094035,-98.384723,-0.775342,-967.067878,-871.9175995,-95.031223,-0.1190555
timn,C6H12O,-977.4958,-872.094035,-104.474317,-0.927448,-973.140993,-871.9175995,-101.037771,-0.1856225
timn,H2O,-886.895295,-872.094035,-14.220005,-0.581255,-886.1716455,-871.9175995,-14.204457,-0.049589
tihf,H2O2,-897.38285,-878.574071,-18.146322,-0.662457,-896.6387925,-878.438637,-18.122091,-0.0780645
tihf,OOH,-892.50416,-878.574071,-13.253377,-0.676712,-892.0950035,-878.438637,-13.012131,-0.6442355
tihf,C6H12,-977.75667,-878.574071,-98.384723,-0.797876,-973.5573285,-878.438637,-95.031223,-0.0874685
tihf,C6H12O,-984.079294,-878.574071,-104.474317,-1.030906,-979.761752,-878.438637,-101.037771,-0.285344
tihf,H2O,-893.445723,-878.574071,-14.220005,-0.651647,-892.758518,-878.438637,-14.204457,-0.115424
tire,H2O2,-892.378749,-873.499626,-18.146322,-0.732801,-891.6203735,-873.385854,-18.122091,-0.1124285
tire,OOH,-888.829433,-873.499626,-13.253377,-2.07643,-888.3400695,-873.385854,-13.012131,-1.9420845
tire,C6H12,-972.700493,-873.499626,-98.384723,-0.816144,-968.5353925,-873.385854,-95.031223,-0.1183155
tire,C6H12O,-978.931276,-873.499626,-104.474317,-0.957333,-974.667531,-873.385854,-101.037771,-0.243906
tire,H2O,-888.453495,-873.499626,-14.220005,-0.733864,-887.7431945,-873.385854,-14.204457,-0.1528835
tinb,H2O2,-895.112161,-876.100235,-18.146322,-0.865604,-894.3253685,-875.944716,-18.122091,-0.2585615
tinb,OOH,-892.286726,-876.100235,-13.253377,-2.933114,-891.7110865,-875.944716,-13.012131,-2.7542395
tinb,C6H12,-962.018355,-876.100235,-98.384723,12.466603,-957.7790375,-875.944716,-95.031223,13.1969015
tinb,C6H12O,-981.832416,-876.100235,-104.474317,-1.257864,-977.5015175,-875.944716,-101.037771,-0.5190305
tinb,H2O,-891.141193,-876.100235,-14.220005,-0.820953,-890.4585935,-875.944716,-14.204457,-0.3094205
timo,H2O2,-893.01495,-874.002502,-18.146322,-0.866126,-892.284857,-873.868832,-18.122091,-0.293934
timo,OOH,-889.737945,-874.002502,-13.253377,-2.482066,-888.691877,-873.868832,-13.012131,-1.810914
timo,C6H12,-973.241096,-874.002502,-98.384723,-0.853871,-969.0459405,-873.868832,-95.031223,-0.1458855
timo,C6H12O,-979.703138,-874.002502,-104.474317,-1.226319,-975.389559,-873.868832,-101.037771,-0.482956
timo,H2O,-889.058629,-874.002502,-14.220005,-0.836122,-888.343989,-873.868832,-14.204457,-0.2707
tiv,H2O2,-893.780577,-875.086531,-18.146322,-0.547724,-892.9860525,-874.9057515,-18.122091,0.04179
tiv,OOH,-890.09228,-875.086531,-13.253377,-1.752372,-889.4935145,-874.9057515,-13.012131,-1.575632
tiv,C6H12,-974.227377,-875.086531,-98.384723,-0.756123,-970.0331855,-874.9057515,-95.031223,-0.096211
tiv,C6H12O,-980.500783,-875.086531,-104.474317,-0.939935,-976.1432145,-874.9057515,-101.037771,-0.199692
tiv,H2O,-889.801812,-875.086531,-14.220005,-0.495276,-889.060654,-874.9057515,-14.204457,0.0495545
tizr,H2O2,-895.622082,-876.807515,-18.146322,-0.668245,-894.851202,-876.6489185,-18.122091,-0.0801925
tizr,OOH,-890.748115,-876.807515,-13.253377,-0.687223,-890.310531,-876.6489185,-13.012131,-0.6494815
tizr,C6H12,-976.037305,-876.807515,-98.384723,-0.845067,-971.8628325,-876.6489185,-95.031223,-0.182691
tizr,C6H12O,-982.47985,-876.807515,-104.474317,-1.198018,-978.133322,-876.6489185,-101.037771,-0.4466325
tizr,H2O,-891.681894,-876.807515,-14.220005,-0.654374,-890.9741175,-876.6489185,-14.204457,-0.120742
tico,H2O2,-886.410007,-868.642489,-18.146322,0.378804,-885.6937925,-868.516201,-18.122091,0.9444995
tico,OOH,-881.633571,-868.642489,-13.253377,0.262295,-881.1396535,-868.516201,-13.012131,0.3886785
tico,C6H12,-967.885298,-868.642489,-98.384723,-0.858086,-963.678024,-868.516201,-95.031223,-0.1306
tico,C6H12O,-973.207521,-868.642489,-104.474317,-0.090715,-968.838379,-868.516201,-101.037771,0.715593
tico,H2O,-882.38745,-868.642489,-14.220005,0.475044,-881.668953,-868.516201,-14.204457,1.051705
titi,H2O2,-893.049547,-874.10145,-18.146322,-0.801775,-892.1620585,-873.864081,-18.122091,-0.1758865
titi,OOH,-888.249817,-874.10145,-13.253377,-0.89499,-887.689113,-873.864081,-13.012131,-0.812901
titi,C6H12,-973.334635,-874.10145,-98.384723,-0.848462,-969.0808585,-873.864081,-95.031223,-0.1855545
titi,C6H12O,-979.824083,-874.10145,-104.474317,-1.248316,-975.386389,-873.864081,-101.037771,-0.484537
titi,H2O,-889.818162,-874.10145,-14.220005,-1.496707,-889.0210105,-873.864081,-14.204457,-0.9524725
tiw,H2O2,-895.334084,-876.362396,-18.146322,-0.825366,-894.545038,-876.2400815,-18.122091,-0.1828655
tiw,OOH,-891.899295,-876.362396,-13.253377,-2.283522,-891.379041,-876.2400815,-13.012131,-2.1268285
tiw,C6H12,-975.471304,-876.362396,-98.384723,-0.724185,-975.349361,-876.2400815,-95.031223,-4.0780565
tiw,C6H12O,-982.024142,-876.362396,-104.474317,-1.187429,-977.723354,-876.2400815,-101.037771,-0.4455015
tiw,H2O,-891.410023,-876.362396,-14.220005,-0.827622,-890.7073,-876.2400815,-14.204457,-0.2627615
tita,H2O2,-896.897643,-877.831799,-18.146322,-0.919522,-896.166663,-877.7033805,-18.122091,-0.3411915
tita,OOH,-894.27847,-877.831799,-13.253377,-3.193294,-893.7256815,-877.7033805,-13.012131,-3.01017
tita,C6H12,-976.996375,-877.831799,-98.384723,-0.779853,-972.8458475,-877.7033805,-95.031223,-0.111244
tita,C6H12O,-983.299265,-877.831799,-104.474317,-0.993149,-979.032324,-877.7033805,-101.037771,-0.2911725
tita,H2O,-892.945772,-877.831799,-14.220005,-0.893968,-892.2370175,-877.7033805,-14.204457,-0.32918
ticr,H2O2,-891.368581,-872.487992,-18.146322,-0.734267,-890.521068,-872.2736945,-18.122091,-0.1252825
ticr,OOH,-887.340978,-872.487992,-13.253377,-1.599609,-886.733442,-872.2736945,-13.012131,-1.4476165
ticr,C6H12,-971.696768,-872.487992,-98.384723,-0.824053,-967.473448,-872.2736945,-95.031223,-0.1685305
ticr,C6H12O,-977.936297,-872.487992,-104.474317,-0.973988,-973.5131245,-872.2736945,-101.037771,-0.201659
ticr,H2O,-887.442667,-872.487992,-14.220005,-0.73467,-886.675936,-872.2736945,-14.204457,-0.1977845
ti,H2O2,-892.385579,-873.861775,-18.146322,-0.377482,-891.610975,-873.6310625,-18.122091,0.1421785
ti,OOH,-887.522787,-873.861775,-13.253377,-0.407635,-887.017207,-873.6310625,-13.012131,-0.3740135
ti,C6H12,-973.014134,-873.861775,-98.384723,-0.767636,-968.7609275,-873.6310625,-95.031223,-0.098642
ti,C6H12O,-979.333668,-873.861775,-104.474317,-0.997576,-974.959544,-873.6310625,-101.037771,-0.2907105
ti,H2O,-888.39687,-873.861775,-14.220005,-0.31509,-887.646684,-873.6310625,-14.204457,0.1888355
tini,H2O2,-882.519394,-863.317651,-18.146322,-1.055421,-881.680784,-863.139429,-18.122091,-0.419264
tini,OOH,-877.714765,-863.317651,-13.253377,-1.143737,-877.1433925,-863.139429,-13.012131,-0.9918325
tini,C6H12,-962.506791,-863.317651,-98.384723,-0.804417,-958.3287775,-863.139429,-95.031223,-0.1581255
tini,C6H12O,-968.796507,-863.317651,-104.474317,-1.004539,-964.45279,-863.139429,-101.037771,-0.27559
tini,H2O,-878.523043,-863.317651,-14.220005,-0.985387,-877.747855,-863.139429,-14.204457,-0.403969
