surface,G_IS1,G_TS1,G_FS1_total,G_IS2,G_TS2,G_FS2_adjusted,dG_TS1_minus_IS1,dG_TS1_minus_FS1,dG_TS2_minus_IS2,dG_TS2_minus_FS2,dE0_TS1_minus_IS1,dE0_TS2_minus_IS2,reference_note
tife,-984.519289,-984.359873,-986.698272,-884.582039,-884.4090575,-885.199105,0.159416,2.338399,0.1729815,0.7900475,0.307411,0.171704,"Original Excel Gibbs rows 12,16,20 / 24,28,32"
timn,-985.229244,-984.894944,-987.380211,-884.712106,-884.5223915,-886.007925,0.3343,2.485267,0.1897145,1.4855335,0.326116,0.289129,"Original Excel Gibbs rows 12,16,20 / 24,28,32"
tihf,-991.406464,-991.174622,-993.818223,-890.13291,-889.908945,-892.398388,0.231842,2.643601,0.223965,2.489443,0.217641,0.344359,"Original Excel Gibbs rows 12,16,20 / 24,28,32"
tire,-986.726684,-986.281838,-988.654116,-886.36569,-886.147817,-887.178525,0.444846,2.372278,0.217873,1.030708,0.559061,0.335531,"Original Excel Gibbs rows 12,16,20 / 24,28,32"
tinb,-989.008426,-990.115872,-991.375339,-888.16878,-888.1414055,-889.960427,-1.107446,1.259467,0.0273745,1.8190215,-1.092387,0.103747,"Original Excel Gibbs rows 12,16,20 / 24,28,32"
timo,-986.922074,-986.78389,-988.87046,-886.35225,-886.36507,-888.127193,0.138184,2.08657,-0.01282,1.762123,0.176186,0.130635,TiMo: Excel totals / gas epoxide normalization
tiv,-987.614984,-987.457835,-989.802578,-886.9158835,-886.9405605,-888.401213,0.157149,2.344743,-0.024677,1.4606525,0.173589,0.056454,"Original Excel Gibbs rows 12,16,20 / 24,28,32"
tizr,-989.615196,-989.337789,-991.967216,-893.4412915,-893.3801085,-890.560173,0.277407,2.629427,0.061183,-2.8199355,0.270754,0.074181,"Original Excel Gibbs rows 12,16,20 / 24,28,32"
tico,-982.196586,-981.640242,-982.436272,-880.587264,-880.36127,-881.067844,0.556344,0.79603,0.225994,0.706574,0.399175,0.336276,"Original Excel Gibbs rows 12,16,20 / 24,28,32"
titi,-987.155507,-986.86089,-989.567196,-887.2180745,-887.0618875,-888.652125,0.294617,2.706306,0.156187,1.5902375,0.302645,0.119729,"Original Excel Gibbs rows 12,16,20 / 24,28,32"
tiw,-989.000342,-989.566993,-991.676126,-888.805136,-888.696898,-890.208223,-0.566651,2.109133,0.108238,1.511325,-0.425403,0.232131,"Original Excel Gibbs rows 12,16,20 / 24,28,32"
tita,-990.926295,-992.100931,-993.378832,-889.962692,-889.946725,-891.975115,-1.174636,1.277901,0.015967,2.02839,-1.175749,0.096433,"Original Excel Gibbs rows 12,16,20 / 24,28,32"
ticr,-985.380034,-984.859629,-987.637893,-884.8298195,-885.022975,-886.268671,0.520405,2.778264,-0.1931555,1.245696,0.330578,0.068265,"Original Excel Gibbs rows 12,16,20 / 24,28,32"
ti,-986.235725,-986.042162,-988.671425,-887.5416045,-887.2645335,-887.13621,0.193563,2.629263,0.277071,-0.1283235,0.186052,0.37597,"Original Excel Gibbs rows 12,16,20 / 24,28,32"
tini,-977.284792,-976.767622,-979.206013,-877.211588,-877.1784805,-877.785997,0.51717,2.438391,0.0331075,0.6075165,0.495685,0.130043,"Original Excel Gibbs rows 12,16,20 / 24,28,32"
