root_id,surface,source_tag,seed_id,I1_Ha_minus_OOH_OH_O,I2_Hb_minus_O,zero_inventory_compatible,invariant_tolerance
ticr__Ha_dominant__stage_02,ticr,original_replay,Ha_dominant,0.999999999998097655039651907050696178232363345432526667928176930649335725698867336774213265,0.0,False,1.0000000000000000364e-10
tihf__Ha_dominant__stage_03,tihf,original_replay,Ha_dominant,0.999999999997829705093531847914271733889768852994621825802987596754868674687498098113742398,0.0,False,1.0000000000000000364e-10
timn__Ha_dominant__stage_02,timn,original_replay,Ha_dominant,0.999999999998666011838127759876414952857903280403189365030569844642366763655010120495604445,0.0,False,1.0000000000000000364e-10
timo__Ha_dominant__stage_02,timo,original_replay,Ha_dominant,0.999999999998063550184509465092386645367244436561204449652331137625060083391000812712921589,0.0,False,1.0000000000000000364e-10
timo__Hb_dominant__stage_02,timo,original_replay,Hb_dominant,-0.000000000000936927244419923776033336625107377729623233768910573312501089923562390865884356194343455768,0.999999999997921676044196806715894958420996287947316018927897764761509782251224748389454873,False,1.0000000000000000364e-10
timo__O_dominant__stage_02,timo,original_replay,O_dominant,-0.999999999998858603288616730491928295046103665676939252696808338074010872174787139255339229,-0.999999999997921676044196806715894958420996287947316018927897764761509782251224748389454873,False,1.0000000000000000364e-10
tire__Ha_dominant__stage_02,tire,original_replay,Ha_dominant,0.999999999998009691931255899226492309418190703244359636484139519413239461936997467638598658,0.0,False,1.0000000000000000364e-10
tire__Hb_dominant__stage_02,tire,original_replay,Hb_dominant,-0.000000000000937531134492761427520488090791195525891031595884822289423836343229409304570064523289368907,0.999999999997867651325009114513312109976784201862365742531734282539125529419774667173018307,False,1.0000000000000000364e-10
tire__O_dominant__stage_02,tire,original_replay,O_dominant,-0.999999999998805182459501875940832598067575397388256774127619104828549365763004076477588372,-0.999999999997867651325009114513312109976784201862365742531734282539125529419774667173018307,False,1.0000000000000000364e-10
tita__Ha_dominant__stage_02,tita,original_replay,Ha_dominant,0.999999999998290369790344022357907401399635534259515805060016328056890756542771905380527458,0.0,False,1.0000000000000000364e-10
tita__Hb_dominant__stage_02,tita,original_replay,Hb_dominant,-0.00000000000131266817999735589702871396325304667191170162355289467564225028479430193398167985014886673,0.999999999987659174896458596536649905837378795660804907331526572474628202309959074953031022,False,1.0000000000000000364e-10
tita__O_dominant__stage_02,tita,original_replay,O_dominant,-0.999999999988971843076455952433678619800631842332716608955079467150270452594753376887012702,-0.999999999987659174896458596536649905837378795660804907331526572474628202309959074953031022,False,1.0000000000000000364e-10
titi__Ha_dominant__stage_03,titi,original_replay,Ha_dominant,0.999999999998999999999917992351618549304358006968282854371926670410381451007637042201878059,0.0,False,1.0000000000000000364e-10
titi__vacant__stage_02,titi,original_replay,vacant,-0.103330733973173103754675300069473827427061410057447584209270908289387211650703203028719601,0.0,False,1.0000000000000000364e-10
titi__water_dominant__stage_02,titi,original_replay,water_dominant,-0.000000000000978644758977184246507292917560053317226552600838666472066948445694157687700568251597857108,0.0,True,1.0000000000000000364e-10
tiv__Ha_dominant__stage_02,tiv,original_replay,Ha_dominant,0.999999999998831868725369429038482928178167445676180385774378582632125439430994733733594125,0.0,False,1.0000000000000000364e-10
unresolved_five__timn__Ha_dominant__stage_02,timn,unresolved_five,Ha_dominant,0.999999999998666011838127759876414952857903280403189365030569844642366763655010120495604445,0.0,False,1.0000000000000000364e-10
unresolved_five__timn__balanced_adsorbates__stage_02,timn,unresolved_five,balanced_adsorbates,-0.330294728394640075733827431944158930897401623466282235947126053920457137129501987966775395,0.0,False,1.0000000000000000364e-10
unresolved_five__tihf__Ha_dominant__stage_03,tihf,unresolved_five,Ha_dominant,0.999999999997829705093531848396174008969560278221068450362898062908367304063335889389462972,0.0,False,1.0000000000000000364e-10
unresolved_five__tiv__Ha_dominant__stage_02,tiv,unresolved_five,Ha_dominant,0.999999999998831868725369429297860175555616027540452888490056699499261542659721077336927779,0.0,False,1.0000000000000000364e-10
unresolved_five__tiv__alkene_OOH_mix__stage_02,tiv,unresolved_five,alkene_OOH_mix,-0.974935040440579854396800487849663587784313222530159427365481074601279439022868993621810959,0.0,False,1.0000000000000000364e-10
unresolved_five__ticr__Ha_dominant__stage_02,ticr,unresolved_five,Ha_dominant,0.999999999998097655039651907473101613386103755450172797143394207895765528320369287966752684,0.0,False,1.0000000000000000364e-10
unresolved_five__ticr__alkene_OOH_mix__stage_02,ticr,unresolved_five,alkene_OOH_mix,-0.963431989484350994840305920674679230139656291216590308851767230648209331207739168028694331,0.0,False,1.0000000000000000364e-10
unresolved_five__ticr__balanced_adsorbates__stage_02,ticr,unresolved_five,balanced_adsorbates,-0.288197361712098450849891354568244341613271792735178545364333754653176063417437988110975264,0.0,False,1.0000000000000000364e-10
unresolved_five__tizr__alkene_OOH_mix__stage_02,tizr,unresolved_five,alkene_OOH_mix,-0.999319936806548739711595917408122088801244690919593935827455452042107661959191178239308772,0.0,False,1.0000000000000000364e-10
unresolved_five__tizr__vacant_10pct__stage_02,tizr,unresolved_five,vacant_10pct,-0.999999999999965612211063744934507585574677982757081580859812076245218245566797869967859221,0.0,False,1.0000000000000000364e-10
historical_five_resume_20261011__tife__vacant__stage_03,tife,historical_five_resume_20261011,vacant,-0.000000000000627212793227701714718012620936617094330408335744383708162861979489552164651966651085541626,0.999999999999251006443515926773570953626840005674419340934762460790156434068621610960782687,False,1.0000000000000000364e-10
historical_five_resume_20261011__tife__OH_dominant__stage_03,tife,historical_five_resume_20261011,OH_dominant,-0.000000000000627212793227701714718012620936617094330408335744383708162861979489552164651966651085541626,0.999999999999251006443515926773570953626840005674419340934762460790156434068621610960782687,False,1.0000000000000000364e-10
historical_five_resume_20261011__tife__O_dominant__stage_02,tife,historical_five_resume_20261011,O_dominant,-0.9999999999995597471997762326301017050893230676255728750805526676915902488389253380748368,-0.999999999998951638570668056905651592246297428358936970129985615935512764085838955224848935,False,1.0000000000000000364e-10
historical_five_resume_20261011__tife__alkene_dominant__stage_02,tife,historical_five_resume_20261011,alkene_dominant,-0.000000000000627212793227701714718012620936617094330408335744383708162861979489552164651966651085541626,0.999999999999251006443515926773570953626840005674419340934762460790156434068621610960782687,False,1.0000000000000000364e-10
historical_five_resume_20261011__tife__water_dominant__stage_03,tife,historical_five_resume_20261011,water_dominant,-0.000000000000627212793227701714718012620936617094330408335744383708162861979489552164651966651085541626,0.999999999999251006443515926773570953626840005674419340934762460790156434068621610960782687,False,1.0000000000000000364e-10
historical_five_resume_20261011__tife__Ha_dominant__stage_02,tife,historical_five_resume_20261011,Ha_dominant,0.999999999998970726478035696591324089689685752811082483590112149169875432817942331050200322,0.0,False,1.0000000000000000364e-10
historical_five_resume_20261011__tife__Hb_dominant__stage_02,tife,historical_five_resume_20261011,Hb_dominant,-0.000000000000608108629108175724450112843025639266635904950567051756077484753086382849987864292860471133,0.999999999998951638570668056905651592246297428358936970129985615935512764085838955224848935,False,1.0000000000000000364e-10
historical_five_resume_20261011__tife__OOH_OH_mix__stage_03,tife,historical_five_resume_20261011,OOH_OH_mix,-0.000000000000627212793227701714718012620936617094330408335744383708162861979489552164651966651085541626,0.999999999999251006443515926773570953626840005674419340934762460790156434068621610960782687,False,1.0000000000000000364e-10
historical_five_resume_20261011__tife__alkene_OOH_mix__stage_03,tife,historical_five_resume_20261011,alkene_OOH_mix,-0.000000000000627212793227701714718012620936617094330408335744383708162861979489552164651966651085541626,0.999999999999251006443515926773570953626840005674419340934762460790156434068621610960782687,False,1.0000000000000000364e-10
historical_five_resume_20261011__tife__balanced_adsorbates__stage_02,tife,historical_five_resume_20261011,balanced_adsorbates,-0.378930188820094907309638572008708791859229424666363537447717549202438877660705499772454428,0.0,False,1.0000000000000000364e-10
historical_five_resume_20261011__tico__vacant__stage_03,tico,historical_five_resume_20261011,vacant,0.187820748919688798501222983671457249925268670157263703020636387056879284704834011734781019,0.774435661387770010504048561736409674332597138729229773961951330451512073663682726499509946,False,1.0000000000000000364e-10
historical_five_resume_20261011__tico__OH_dominant__stage_03,tico,historical_five_resume_20261011,OH_dominant,0.187820748919688798501222983671457249925268670157263703020636387056879284704834011734781019,0.774435661387770010504048561736409674332597138729229773961951330451512073663682726499509946,False,1.0000000000000000364e-10
historical_five_resume_20261011__tico__alkene_dominant__stage_02,tico,historical_five_resume_20261011,alkene_dominant,0.187820748919688798501222983671457249925268670157263703020636387056879284704834011734781019,0.774435661387770010504048561736409674332597138729229773961951330451512073663682726499509946,False,1.0000000000000000364e-10
historical_five_resume_20261011__tico__water_dominant__stage_03,tico,historical_five_resume_20261011,water_dominant,0.187820748919688798501222983671457249925268670157263703020636387056879284704834011734781019,0.774435661387770010504048561736409674332597138729229773961951330451512073663682726499509946,False,1.0000000000000000364e-10
historical_five_resume_20261011__tico__Ha_dominant__stage_03,tico,historical_five_resume_20261011,Ha_dominant,0.99999999999895195059156502645516455538677036478960398327233556991455626831815041912993854,0.0,False,1.0000000000000000364e-10
historical_five_resume_20261011__tico__OOH_OH_mix__stage_03,tico,historical_five_resume_20261011,OOH_OH_mix,0.187820748919688798501222983671457249925268670157263703020636387056879284704834011734781019,0.774435661387770010504048561736409674332597138729229773961951330451512073663682726499509946,False,1.0000000000000000364e-10
historical_five_resume_20261011__tico__alkene_OOH_mix__stage_03,tico,historical_five_resume_20261011,alkene_OOH_mix,0.187820748919688798501222983671457249925268670157263703020636387056879284704834011734781019,0.774435661387770010504048561736409674332597138729229773961951330451512073663682726499509946,False,1.0000000000000000364e-10
historical_five_resume_20261011__tico__balanced_adsorbates__stage_02,tico,historical_five_resume_20261011,balanced_adsorbates,-0.364269598543491024127705621857059359201109938672194746350119350700048197586715758013832668,0.0,False,1.0000000000000000364e-10
historical_five_resume_20261011__tini__vacant__stage_03,tini,historical_five_resume_20261011,vacant,0.995889060577460143549775567996895539386400973968352711056412286560853203229213242457857916,0.00411093942253906572667805005848410444907442135049044434618875032817824710963671266291710821,False,1.0000000000000000364e-10
historical_five_resume_20261011__tini__OOH_dominant__stage_03,tini,historical_five_resume_20261011,OOH_dominant,0.995889060577460143549775567996895539386400973968352711056412286560853203229213242457857916,0.00411093942253906572667805005848410444907442135049044434618875032817824710963671266291710821,False,1.0000000000000000364e-10
historical_five_resume_20261011__tini__OH_dominant__stage_03,tini,historical_five_resume_20261011,OH_dominant,0.995889060577460143549775567996895539386400973968352711056412286560853203229213242457857916,0.00411093942253906572667805005848410444907442135049044434618875032817824710963671266291710821,False,1.0000000000000000364e-10
historical_five_resume_20261011__tini__O_dominant__stage_02,tini,historical_five_resume_20261011,O_dominant,-0.999999999999512320744233733040649961440822226798142048168750213434995614571112009698446089,-0.999999999998517077687201437295427798061165747363278373037121837335749251056371298277473887,False,1.0000000000000000364e-10
historical_five_resume_20261011__tini__alkene_dominant__stage_03,tini,historical_five_resume_20261011,alkene_dominant,0.995889060577460143549775567996895539386400973968352711056412286560853203229213242457857916,0.00411093942253906572667805005848410444907442135049044434618875032817824710963671266291710821,False,1.0000000000000000364e-10
historical_five_resume_20261011__tini__water_dominant__stage_03,tini,historical_five_resume_20261011,water_dominant,0.995889060577460143549775567996895539386400973968352711056412286560853203229213242457857916,0.00411093942253906572667805005848410444907442135049044434618875032817824710963671266291710821,False,1.0000000000000000364e-10
historical_five_resume_20261011__tini__Ha_dominant__stage_02,tini,historical_five_resume_20261011,Ha_dominant,0.99999999999824798207824901996510442444963608617138834454276548271636342328357619828278478,0.0,False,1.0000000000000000364e-10
historical_five_resume_20261011__tini__Hb_dominant__stage_02,tini,historical_five_resume_20261011,Hb_dominant,-0.00000000000099524305703229574522216337965647943486367513162837609924636351474071142097220199204250121,0.999999999998517077687201437295427798061165747363278373037121837335749251056371298277473887,False,1.0000000000000000364e-10
historical_five_resume_20261011__tini__OOH_O_mix__stage_02,tini,historical_five_resume_20261011,OOH_O_mix,-0.99997143663546154799068171040569527429599820929114231959226707119697423891691331384721802,-0.500063432793937283621460637520904709726756956647380497502967882103231743320959850913088799,False,1.0000000000000000364e-10
historical_five_resume_20261011__tini__OOH_OH_mix__stage_03,tini,historical_five_resume_20261011,OOH_OH_mix,0.995889060577460143549775567996895539386400973968352711056412286560853203229213242457857916,0.00411093942253906572667805005848410444907442135049044434618875032817824710963671266291710821,False,1.0000000000000000364e-10
historical_five_resume_20261011__tini__alkene_OOH_mix__stage_02,tini,historical_five_resume_20261011,alkene_OOH_mix,0.995889060577460143549775567996895539386400973968352711056412286560853203229213242457857916,0.00411093942253906572667805005848410444907442135049044434618875032817824710963671266291710821,False,1.0000000000000000364e-10
historical_five_resume_20261011__tini__vacant_10pct__stage_02,tini,historical_five_resume_20261011,vacant_10pct,-0.999804981931902354223421008136222788938733383109046998511851876273061092655957821923860515,0.0,False,1.0000000000000000364e-10
historical_five_resume_20261011__tini__balanced_adsorbates__stage_02,tini,historical_five_resume_20261011,balanced_adsorbates,-0.81691397042537452652122522282948077843215618611604865097148752888288886708706819287226047,0.0,False,1.0000000000000000364e-10
historical_five_resume_20261011__tiw__vacant__stage_03,tiw,historical_five_resume_20261011,vacant,-4.39261186074293911132823406931567779854627886506660495414417588362173192258292822402456825e-32,-5.31180421088873167333590990763850848513235245051631705677758738709763994891098770979506686e-37,True,1.0000000000000000364e-10
historical_five_resume_20261011__tiw__OOH_dominant__stage_03,tiw,historical_five_resume_20261011,OOH_dominant,-4.39261186074293911132823406931567779854627886506660495414417588362173192258292822402456825e-32,-5.31180421088873167333590990763850848513235245051631705677758738709763994891098770979506686e-37,True,1.0000000000000000364e-10
historical_five_resume_20261011__tiw__OH_dominant__stage_03,tiw,historical_five_resume_20261011,OH_dominant,-4.39261186074293911132823406931567779854627886506660495414417588362173192258292822402456825e-32,-5.31180421088873167333590990763850848513235245051631705677758738709763994891098770979506686e-37,True,1.0000000000000000364e-10
historical_five_resume_20261011__tiw__alkene_dominant__stage_03,tiw,historical_five_resume_20261011,alkene_dominant,-4.39261186074293911132823406931567779854627886506660495414417588362173192258292822402456825e-32,-5.31180421088873167333590990763850848513235245051631705677758738709763994891098770979506686e-37,True,1.0000000000000000364e-10
historical_five_resume_20261011__tiw__water_dominant__stage_03,tiw,historical_five_resume_20261011,water_dominant,-4.39261186074293911132823406931567779854627886506660495414417588362173192258292822402456825e-32,-5.31180421088873167333590990763850848513235245051631705677758738709763994891098770979506686e-37,True,1.0000000000000000364e-10
historical_five_resume_20261011__tiw__OOH_O_mix__stage_03,tiw,historical_five_resume_20261011,OOH_O_mix,-4.39261186074293911132823406931567779854627886506660495414417588362173192258292822402456825e-32,-5.31180421088873167333590990763850848513235245051631705677758738709763994891098770979506686e-37,True,1.0000000000000000364e-10
historical_five_resume_20261011__tiw__OOH_OH_mix__stage_03,tiw,historical_five_resume_20261011,OOH_OH_mix,-4.39261186074293911132823406931567779854627886506660495414417588362173192258292822402456825e-32,-5.31180421088873167333590990763850848513235245051631705677758738709763994891098770979506686e-37,True,1.0000000000000000364e-10
historical_five_resume_20261011__tiw__alkene_OOH_mix__stage_03,tiw,historical_five_resume_20261011,alkene_OOH_mix,-4.39261186074293911132823406931567779854627886506660495414417588362173192258292822402456825e-32,-5.31180421088873167333590990763850848513235245051631705677758738709763994891098770979506686e-37,True,1.0000000000000000364e-10
historical_five_resume_20261011__tiw__vacant_10pct__stage_03,tiw,historical_five_resume_20261011,vacant_10pct,-4.39261186074293911132823406931567779854627886506660495414417588362173192258292822402456825e-32,-5.31180421088873167333590990763850848513235245051631705677758738709763994891098770979506686e-37,True,1.0000000000000000364e-10
historical_five_resume_20261011__tiw__balanced_adsorbates__stage_03,tiw,historical_five_resume_20261011,balanced_adsorbates,-4.39261186074293911132823406931567779854627886506660495414417588362173192258292822402456825e-32,-5.31180421088873167333590990763850848513235245051631705677758738709763994891098770979506686e-37,True,1.0000000000000000364e-10
historical_five_resume_20261011__ti__vacant__stage_03,ti,historical_five_resume_20261011,vacant,-9.31766290581752230565263675897418189717968657985214112932201469490031610059774123242332221e-55,0.99999999999999999999999999999999999982943628278092228663932452940331426405158963,False,1.0000000000000000364e-10
historical_five_resume_20261011__ti__OOH_dominant__stage_03,ti,historical_five_resume_20261011,OOH_dominant,-9.31766290581752230565263675897418189717968657985214112932201469490031610059774123242332221e-55,0.99999999999999999999999999999999999982943628278092228663932452940331426405158963,False,1.0000000000000000364e-10
historical_five_resume_20261011__ti__OH_dominant__stage_03,ti,historical_five_resume_20261011,OH_dominant,-9.31766290581752230565263675897418189717968657985214112932201469490031610059774123242332221e-55,0.99999999999999999999999999999999999982943628278092228663932452940331426405158963,False,1.0000000000000000364e-10
historical_five_resume_20261011__ti__O_dominant__stage_02,ti,historical_five_resume_20261011,O_dominant,-0.999999999999409111592673623410223607094740341797135878696464765506605262916349996480365064,-0.999999999998797832851468966212051002243394564597725238950277881211170856760324248343775978,False,1.0000000000000000364e-10
historical_five_resume_20261011__ti__alkene_dominant__stage_03,ti,historical_five_resume_20261011,alkene_dominant,-9.31766290581752230565263675897418189717968657985214112932201469490031610059774123242332221e-55,0.99999999999999999999999999999999999982943628278092228663932452940331426405158963,False,1.0000000000000000364e-10
historical_five_resume_20261011__ti__water_dominant__stage_03,ti,historical_five_resume_20261011,water_dominant,-9.31766290581752230565263675897418189717968657985214112932201469490031610059774123242332221e-55,0.99999999999999999999999999999999999982943628278092228663932452940331426405158963,False,1.0000000000000000364e-10
historical_five_resume_20261011__ti__Ha_dominant__stage_03,ti,historical_five_resume_20261011,Ha_dominant,0.999999999997617798249436388467044358008674120908444372659790979736080069307953295782357138,0.0,False,1.0000000000000000364e-10
historical_five_resume_20261011__ti__Hb_dominant__stage_02,ti,historical_five_resume_20261011,Hb_dominant,-0.000000000000611278741204657198172604851345777199410639746186884295434406156025748136589086174087153645,0.999999999998797832851468966212051002243394564597725238950277881211170856760324248343775978,False,1.0000000000000000364e-10
historical_five_resume_20261011__ti__OOH_OH_mix__stage_03,ti,historical_five_resume_20261011,OOH_OH_mix,-9.31766290581752230565263675897418189717968657985214112932201469490031610059774123242332221e-55,0.99999999999999999999999999999999999982943628278092228663932452940331426405158963,False,1.0000000000000000364e-10
historical_five_resume_20261011__ti__alkene_OOH_mix__stage_03,ti,historical_five_resume_20261011,alkene_OOH_mix,-9.31766290581752230565263675897418189717968657985214112932201469490031610059774123242332221e-55,0.99999999999999999999999999999999999982943628278092228663932452940331426405158963,False,1.0000000000000000364e-10
historical_five_resume_20261011__ti__vacant_10pct__stage_03,ti,historical_five_resume_20261011,vacant_10pct,-9.31766290581752230565263675897418189717968657985214112932201469490031610059774123242332221e-55,0.99999999999999999999999999999999999982943628278092228663932452940331426405158963,False,1.0000000000000000364e-10
historical_five_resume_20261011__ti__balanced_adsorbates__stage_02,ti,historical_five_resume_20261011,balanced_adsorbates,-0.443066104657572377311618100839217800220805384270608850053446864617593122736655304859293501,0.0,False,1.0000000000000000364e-10
