root_id,surface,branch_id,dominant_species,log10_TOF,jacobian_dimension,jacobian_precision,jacobian_tolerance,full_function_max_abs,full_jacobian_has_redundant_vacancy,eigenvalues_high_precision,max_real_part_high_precision,jacobian_condition_number_high_precision,finite_difference_steps_high_precision,derivative_check_relative_error_high_precision,derivative_check_pass,full_reduced_stability_status,stoichiometric_rank,structural_zero_mode_count,stoichiometric_basis_column_indices,compatibility_jacobian_dimension,compatibility_eigenvalues_high_precision,compatibility_max_real_part_high_precision,compatibility_condition_number_high_precision,compatibility_derivative_check_relative_error_high_precision,compatibility_derivative_check_pass,stability_status,jacobian_error
ticr__Ha_dominant__stage_02,ticr,ticr_branch_01,Ha_s,-61.65754646515133,9,360,1e-260,7.2946820091860757162832848101677422060724618478581107254180216128615080658280956e-82,True,-13904323098509.124172036425984992494373359853363008242689980124719504286605274882;-81494148519.603201165146186836204543365090631953159115182944736787629137334846541;-12636269641.100137112686367446588325075728265343486916368941033308488786132142687;-6177873911.6694020189205369242707893297477608037311262596937548991245209586733932;-6941719332933.5288610830722045572311381612773269831280829884514044746042329109495;-6941719332933.5288610830696817170587174602956190283586121107469146375922266367713;-0.0000000000000000000000007816103259263902755830651138643890117147443475524480920264155763857127544976025;2.5227921767569406009398941280484823853093135263650285475538787025758768206103947e-375;-4.3701163616847033792714649023453977773661307078500896297679641792562094998738759e-377,2.5227921767569406009398941280484823853093135263650285475538787025758768206103947e-375,+inf,4.567150670851709765721306280664381633969e-33;4.064595473660688037419850658714514132336e-16;4.064595473660688037419850658714514132336e-16;4.064595473660688037419850658714514132336e-16;4.064595473660688037419850658714514132336e-16;1.407450892995481347676858411384297185265e-38;2.265507433761579477005914369137748276912e-43;1.640568543974439026585917346697046485892e-40;1.407450892995481347676858411384297185265e-38,3.7081832384817568137903465220007871944599879021075877377680407259197184960823185e-359,True,near_neutral_or_undetermined,7,2,0;1;2;3;4;5;6,7,(-13904323098509.124172036425984992494373359853363008242689980124719504286605274882 + 5.7604886761576538628807105064082622664944025196213330701285662079196276123373701e-373j);(-81494148519.603201165146186836204543365090631953159115182944736787629137334846541 + 3.5580897835406044574874279274462156901976965884333589163112330165454758126517779e-374j);(-12636269641.100137112686367446588325075728265343486916368941033308488786132142687 + 5.4448478782038616644131988318832827181184937277523566419581404328281989843713521e-373j);(-6177873911.6694020189205369242707893297477608037311262596937548991245209586733932 - 7.0339618610574862111897117641970844883433105431588989617161356126273466255969009e-373j);(-0.0000000000000000000000007816103259263902755830651138643890117147443475524480920264155763857127544976025 - 1.0584354460362896029661393998087963241393434761131534476475997029318900164229674e-372j);(-6941719332933.5288610830722045572311381612773269831280829884514044746042329109495 - 1.8052075013088117719541922617938375108127227619046171984633136797025361274880243e-373j);(-6941719332933.5288610830696817170587174602956190283586121107469146375922266367713 + 3.9284938199629004365673167970875050270713138872464267627011516722437060110662549e-374j),-0.0000000000000000000000007816103259263902755830651138643890117147443475524480920264155763857127544976025,462945030655738926956149522777792377853.84105824247054069787562592725485049055335,2.0456609195555413844204669442651152346466449547389091426015770006824682735892536e-359,True,linearly_stable,
tihf__Ha_dominant__stage_03,tihf,tihf_branch_01,Ha_s,-120.11558291670224,9,460,1e-340,1.2886675901916829828531186055119413325454781400126372192394961706150986205417888e-80,True,-14142411284552.112135105669270607907069498889688885754100057009824991552982643469;-441407679974.04279844852606258694281146402788208378955169925446877725306680139904;-211646121797.5333603808978522804798526810999954752633556333549789940499475790646;-334873773.4746569638501540630243157777041101292188838553796677342023535177407548;-6941719332931.6688277618285539219707513362153955618356895596920477613946752702498;-6941719332931.6688277618285539219707513362153955618348433231170454132494687578567;-9.3312389005575862820952649402318646801812726950263630868886083105175493183092148e-56;2.7654728016557887296042975936533436800824122030352817883134939815965563256475454e-474;4.4348718229914928072388754963262209459564559334847869741143493382966160619855384e-474,4.4348718229914928072388754963262209459564559334847869741143493382966160619855384e-474,+inf,1.600483772899873118067714703290034060454e-30;7.720854369207453772089219892725582013265e-15;7.720854369207453772089219892725582013265e-15;7.720854369207453772089219892725582013265e-15;7.720854369207453772089219892725582013265e-15;4.106272618769024576362427616823329301759e-66;2.303335007953310814950815733064417545901e-82;2.241393752689230664868471999440394675228e-66;4.106272618769024576362427616823329301759e-66,9.0856641199608102303226843540453518400133456350724566369385576876889637576428492e-419,True,near_neutral_or_undetermined,7,2,0;1;2;3;4;5;6,7,(-14142411284552.112135105669270607907069498889688885754100057009824991552982643469 + 1.2553123768395923793801729878916945380086159371280363320760152026349616127865396e-473j);(-441407679974.04279844852606258694281146402788208378955169925446877725306680139904 - 2.429214175552735750477799108281168561349910379862340545198806588701715389683869e-474j);(-211646121797.5333603808978522804798526810999954752633556333549789940499475790646 - 1.9169529682347655667331906521607509126527374938295518659826429046235570502095037e-473j);(-334873773.4746569638501540630243157777041101292188838553796677342023535177407548 + 6.4085226836976522245018239400290559287876122520071444041423883650179791988846799e-475j);(-9.3312389005575862820952649402318646801812726950263630868886083105175493183092148e-56 + 4.3452071918599146229518483832117611202542492109055339170295670127211506428314567e-473j);(-6941719332931.6688277618285539219707513362153955618356895596920477613946752702498 + 4.5686475729116481624236709790609199734762798081584158775686977010141764882763375e-474j);(-6941719332931.6688277618285539219707513362153955618348433231170454132494687578567 + 1.0403446996345978106712918585256954425503393513808259945378895390393001516069201e-473j),-9.3312389005575862820952649402318646801812726950263630868886083105175493183092148e-56,3660148121014634649961355860204528342946478939567540769683173484447990.6884589449,8.6409119729912923755362575639130532416082566938309333545948272151043525737640037e-419,True,linearly_stable,
timn__Ha_dominant__stage_02,timn,timn_branch_01,Ha_s,-60.40375550187231,9,360,1e-260,2.5583117097880345392393359881910224595856176787842129601120711571568262185119935e-81,True,-15107224307857.222317416014171995041632122411281384090859110751780565169594942077;-4601319333536.6359223874036715364853959029864114323655007422975427633826225820264;-696954303531.38896383412437502211084584595738051150550031106821835155954979406976;-10800247252.033903666013368145926683107344934062194883885335218916303315967479269;-6941719332937.4742344590637428867194635878889525323272998050610394298588444573437;-6941719332937.4742344590637893576895438975174086443111284153801997307828609910641;-0.00000000000000000000000012159561377586950893913124570006453832101965515950964084461628807971691811169301;5.5738116309172756999685644741432988841864194842218923762205071645735452293084914e-374;3.4447684728962236961292729911911078989439647214456733256141509151418071707532874e-386,5.5738116309172756999685644741432988841864194842218923762205071645735452293084914e-374,+inf,3.10300581953515567849497073098495496008e-32;4.827799636960190213765097562953592900011e-15;1.197284888484832701433656650424125626063e-15;4.827799636960190213765097562953592900011e-15;4.827799636960190213765097562953592900011e-15;1.622918060214680085859070534760581641083e-36;1.413941084884854908393279647647487810286e-47;2.356922918753083937696983194773212265897e-42;1.622918060214680085859070534760581641083e-36,1.2887779400543444592686590006093634536907779173348433906198736718216223199055496e-353,True,near_neutral_or_undetermined,7,2,0;1;2;3;4;5;6,7,(-15107224307857.222317416014171995041632122411281384090859110751780565169594942077 + 4.4205119958995217478148038380859372765919793540936608966398379724088464845539046e-373j);(-4601319333536.6359223874036715364853959029864114323655007422975427633826225820264 - 3.9463114805159932453175527263666611929411645843364388192390767966305005330020994e-373j);(-696954303531.38896383412437502211084584595738051150550031106821835155954979406976 - 2.7130790024232589453376620003680940471670393456162931078878597462822546537728601e-373j);(-10800247252.033903666013368145926683107344934062194883885335218916303315967479269 - 8.7301403371495051119198932602146894760445246966464651530940518201811858681671064e-375j);(-0.00000000000000000000000012159561377586950893913124570006453832101965515950964084461628807971691811169301 - 4.1508092940262217075585297577637685762840666943295310752070295719603208253551123e-374j);(-6941719332937.4742344590637893576895438975174086443111284153801997307828609910641 + 2.2015201285228837705726800648490251187671878060764667225271943173425970181875751e-373j);(-6941719332937.4742344590637428867194635878889525323272998050610394298588444573437 - 8.4832156541947756614454503392552096568946179465058672400713137093711242417073225e-375j),-0.00000000000000000000000012159561377586950893913124570006453832101965515950964084461628807971691811169301,2783126306026519129949568352813436549737.4732330036039194688727394378856040601307,8.932074962160157637195449006570044246039259142372478709617197481818865708589403e-354,True,linearly_stable,
timo__Ha_dominant__stage_02,timo,timo_branch_01,Ha_s,-57.18900835982307,9,360,1e-260,7.813263691860637230474356481248061504186027071047435698940631657200403961584989e-83,True,-13905275763877.73590977671751220035725035650171047489204912844723075819261684027;-6941719332933.292056794605023504967347351292420689416976154211673500365057859663;-6941719332933.2921147507826408441792093860152573396436599450806105880290011515777;-21772053728.662105706999559029385743919833541730721062206642123384270541761992726;-305183895.56869072358971118948437960681817136054115840324517823624288720981542269;-343142.68902928255734249158131577260831065428344412317331127889392669668383239168;-0.00000000000000000000031154361712829845209232717273060232128899507935756242154510042580750366282317102;-1.63696121065603843948958737035786451712952821730678418068581721315345737340168e-374;-2.6290492848741388394804342924467411362864349387124941742286999866861838128327614e-379,-2.6290492848741388394804342924467411362864349387124941742286999866861838128327614e-379,+inf,6.327095820555845686909704634249884469323e-30;3.127606533019890077709418341499256932058e-17;3.127606533019890077709418341499256932058e-17;3.127606533019890077709418341499256932058e-17;3.127606533019890077709418341499256932058e-17;5.609986557106474961330978837725137219432e-36;2.628405176846641408995596170277937703052e-34;1.138714232533873351974781192875624973152e-39;5.609986557106474961330978837725137219432e-36,9.4296210290852727383012804363381272160851029383746822791836553197452582303864255e-364,True,near_neutral_or_undetermined,7,2,0;1;2;3;4;5;6,7,(-13905275763877.73590977671751220035725035650171047489204912844723075819261684027 - 3.9204701552098923138463788718691718208266145239540869662237572664029398035071603e-374j);(-21772053728.662105706999559029385743919833541730721062206642123384270541761992726 + 7.1231238317139132154657647716182226421645395027123794345806286004835895398270509e-373j);(-305183895.56869072358971118948437960681817136054115840324517823624288720981542269 - 4.2492273618950961939129967024723487214262767773247473746266478546182900404985717e-373j);(-343142.68902928255734249158131577260831065428344412317331127889392669668383239168 - 1.628119434465168652381341637610346947472131269593446088908164756232101440134423e-373j);(-0.00000000000000000000031154361712829845209232717273060232128899507935756242154510042580750366282317102 - 6.6150533566422872567493619172084887857185709651080838649346316680383919528773134e-373j);(-6941719332933.2921147507826408441792093860152573396436599450806105880290011515777 - 8.9816826992449922201461497027866292755335760317041652706239980184731774553829638e-373j);(-6941719332933.292056794605023504967347351292420689416976154211673500365057859663 + 1.0689731183090073415123770058089333939790536168717884346010544301249231345998484e-372j),-0.00000000000000000000031154361712829845209232717273060232128899507935756242154510042580750366282317102,1114568502452101799809564423199616284.9986168372812807246542857799854754217050739,1.0242332223039483059370643285810200197692637611132448858506245165819926304455402e-363,True,linearly_stable,
timo__Hb_dominant__stage_02,timo,timo_branch_02,Hb_s,-36.69819593820448,9,360,1e-260,1.5893850388856601695454719221077444782793256258886046069431919532455183946787965e-83,True,-21772053728.662105756209312763631234868390085549226792968884585576833693076196556;-305183895.56869072598015677992699594236123145679617465737059644797341445953532589;-343142.68902928255734249158131623938673083703869415101057469722413048592310039974;-6.5038859804528777470369768236276121242066818389818027075102869027317923186956082;-8.0995873630759891276773784606674864234086715824445691056860162488035226755440639e-374;1.0555224714878236216691109288331306051380274583136312544778454779563237914436551e-373;-0.0000000027063010718769167386642481411295474830697548704140507537038337589315240214787311;-13905275763877.735827805844767280755785077371320544766622307412045102553826740722;-6941719332932.3072642881289887534946943438855989285365672948398423533077477263629,1.0555224714878236216691109288331306051380274583136312544778454779563237914436551e-373,+inf,3.729364065872682217126910028960963889529e-30;1.84349719796212349452741841786159857316e-17;1.84349719796212349452741841786159857316e-17;1.84349719796212349452741841786159857316e-17;9.74650854501899593893187068736679994067e-23;1.84349719796212349452741841786159857316e-17;1.84349719796212349452741841786159857316e-17;1.01476722060661652093565654449324845741e-18;6.109883714334511716214212012383040263628e-50,9.580780938836534136679366787199417741260704892284812281104635607850160929566881e-354,True,near_neutral_or_undetermined,7,2,0;1;2;3;4;5;6,7,(-13905275763877.735827805844767280755785077371320544766622307412045102553826740722 + 5.409383918936588941662869912994507842162869039782554901404701919457240964089972e-374j);(-6941719332932.3072642881289887534946943438855989285365672948398423533077477263629 - 1.4442453615703849248030761315275844304525411671167853110351950263758751865740298e-373j);(-21772053728.662105756209312763631234868390085549226792968884585576833693076196556 + 4.1567404307836534994465612046981387145720699528177340322895092551386640280250423e-376j);(-305183895.56869072598015677992699594236123145679617465737059644797341445953532589 - 2.5007559763214247089267122274107176135789267125973410171996365444108891342968955e-374j);(-343142.68902928255734249158131623938673083703869415101057469722413048592310039974 + 2.2737056609400860924076970838172162958166270226501192711256375781751098556715109e-374j);(-0.0000000027063010718769167386642481411295474830697548704140507537038337589315240214787311 - 4.5624723236723017074007723756674636304390555320089690895465778676852460283146579e-377j);(-6.5038859804528777470369768236276121242066818389818027075102869027317923186956082 - 1.6222604689285865678474547966212425878262325214949594608834802614248651464355188e-374j),-0.0000000027063010718769167386642481411295474830697548704140507537038337589315240214787311,65176773810479790477541.960093947153764027484230663741735913655220978676255289562,4.4053340927055177805056860099530712684511603158771283264313012469177048965230604e-354,True,linearly_stable,
timo__O_dominant__stage_02,timo,timo_branch_03,O_s,-36.69819593820448,9,360,1e-260,1.5893850388856601695454719221077444782793256258886046069431919532455183946787965e-83,True,-13905275763877.735827805844767280755785077371320544766622307412045102553826740722;-6941719332932.3072642881289887534946943438855989285365672948398423533077477263629;-21772053728.662105756209312763631234868390085549226792968884585576833693076196556;-305183895.56869072598015677992699594236123145679617465737059644797341445953532589;-343142.68902928255734249158131623938673083703869415101057469722413048592310039974;-6.5038859804528777470369768236276121242066818389818027075102869027317923186956082;-0.0000000027063010718769167386642481411295474830697548704140507537038337589315240214787311;6.7037112716685981984373223281224379120413353180849292414796503671577034024175998e-376;-6.311456169455505177323804115768321528128532636041695021736616772997947524930919e-376,6.7037112716685981984373223281224379120413353180849292414796503671577034024175998e-376,+inf,3.729364065872682217126910028960963889529e-30;1.84349719796212349452741841786159857316e-17;1.84349719796212349452741841786159857316e-17;1.84349719796212349452741841786159857316e-17;9.74650854501899593893187068736679994067e-23;6.109883714334511716214212012383040263628e-50;1.84349719796212349452741841786159857316e-17;1.01476722060661652093565654449324845741e-18;1.84349719796212349452741841786159857316e-17,9.580780938836534136679366787199417741260704892284812281104635607850160929566881e-354,True,near_neutral_or_undetermined,7,2,0;1;2;3;4;5;6,7,(-13905275763877.735827805844767280755785077371320544766622307412045102553826740722 + 5.409383918936588941662869912994507842162869039782554901404701919457240964089972e-374j);(-6941719332932.3072642881289887534946943438855989285365672948398423533077477263629 - 1.4442453615703849248030761315275844304525411671167853110351950263758751865740298e-373j);(-21772053728.662105756209312763631234868390085549226792968884585576833693076196556 + 4.1567404307836534994465612046981387145720699528177340322895092551386640280250423e-376j);(-305183895.56869072598015677992699594236123145679617465737059644797341445953532589 - 2.5007559763214247089267122274107176135789267125973410171996365444108891342968955e-374j);(-343142.68902928255734249158131623938673083703869415101057469722413048592310039974 + 2.2737056609400860924076970838172162958166270226501192711256375781751098556715109e-374j);(-0.0000000027063010718769167386642481411295474830697548704140507537038337589315240214787311 - 4.5624723236723017074007723756674636304390555320089690895465778676852460283146579e-377j);(-6.5038859804528777470369768236276121242066818389818027075102869027317923186956082 - 1.6222604689285865678474547966212425878262325214949594608834802614248651464355188e-374j),-0.0000000027063010718769167386642481411295474830697548704140507537038337589315240214787311,65176773810479790477541.960093947153764027484230663741735913655220978676255289562,4.4053340927055177805056860099530712684511603158771283264313012469177048965230604e-354,True,linearly_stable,
tire__Ha_dominant__stage_02,tire,tire_branch_01,Ha_s,-56.70624573957,9,360,1e-260,6.7855059014774934484279167655040339402197452746235228565414938886261890894041067e-82,True,-13966428944261.886936280537840702480357414654541865431643356449569891268152757457;-134771617254.68758195572842949077188818190427705686692565059741604006118874142391;-66902139006.269110669082805804520283441713824874440692311535133882503590750644782;-1418211331.9200372178259355008409218355646077749915074009679443697857302634410903;-6941719332932.9182458726871853641228982957605567469715132274149982299254080653539;-6941719332932.918245872946375888619545898368847904598326502221826458089144014228;-0.0000000000000000000000052563797999972057638779343403957419236850653135792963347555741171820080927811433;-2.0082507966827721327517478246730807553720371529902006923745876282352154076588302e-374;-2.2528577734799625994170842478440323464618954592615469428811477134330123484449592e-386,-2.2528577734799625994170842478440323464618954592615469428811477134330123484449592e-386,+inf,1.017369786916532245605534266017866620066e-31;2.078512961061502847463138582347878389196e-15;2.078512961061502847463138582347878389196e-15;2.078512961061502847463138582347878389196e-15;2.078512961061502847463138582347878389196e-15;1.870843791804199153232929792559712849752e-34;1.731065458149070233577963522720871987552e-64;8.917495240621300732933657974601596018995e-38;1.870843791804199153232929792559712849752e-34,3.8609947693289211068272047925013878925187729133592520500491300079613125060112305e-337,True,near_neutral_or_undetermined,7,2,0;1;2;3;4;5;6,7,(-13966428944261.886936280537840702480357414654541865431643356449569891268152757457 - 6.5670138032487069236429889613061478865510124085201160968399145374115370214457443e-373j);(-134771617254.68758195572842949077188818190427705686692565059741604006118874142391 - 1.682090918882337744244488928074440153079821694726277754478803070215815699274143e-374j);(-66902139006.269110669082805804520283441713824874440692311535133882503590750644782 - 2.3730205442208057752012417058768136851486671998090788071971439118755242931856515e-373j);(-1418211331.9200372178259355008409218355646077749915074009679443697857302634410903 - 2.7802920246390291187617305723882016161158855636078796275712419700317680871180208e-374j);(-0.0000000000000000000000052563797999972057638779343403957419236850653135792963347555741171820080927811433 + 7.0089163295280667735185056873077534553613382815686534579749114469242151502407397e-373j);(-6941719332932.918245872946375888619545898368847904598326502221826458089144014228 + 1.6955105422888422953689913187064189000916241265713133013932246801211038112501706e-373j);(-6941719332932.9182458726871853641228982957605567469715132274149982299254080653539 - 2.8254058754143273875061359545152036649273845555290341049053214507331650640460147e-373j),-0.0000000000000000000000052563797999972057638779343403957419236850653135792963347555741171820080927811433,70397768849988808571020003526584959528.545528750157428278214988534693175677756456,2.2573807284349023308513502691162643093763020544128512951945374550203459241142374e-337,True,linearly_stable,
tire__Hb_dominant__stage_02,tire,tire_branch_02,Hb_s,-32.729800346921664,9,360,1e-260,3.6532167001525157456920822572636166999936360587795228223849403035953362662685525e-82,True,-13966428944261.886936280135137432065776864945140937311750072269990888070819277032;-134771617254.68758195574724969492867945848128284468702178886947021901443551029372;-66902139006.269110669085490029052067969424854548968702578374837096358253681123002;-1418211331.9200372178259355008439559039259243352694378677141209726505342530494049;-6.5080780015527779848794302048960585275760845911012485124913349292977623466887226;(-4.0409366891111820559192774013481316920347732637751311600550199192733989645767609e-376 - 7.0129112818426370752490579498706182692270035064670931640888233551207205733446434e-375j);(-4.0409366891111820559192774013481316920347732637751311600550199192733989645767609e-376 + 7.0129112818426370752490579498706182692270035064670931640888233551207205733446434e-375j);-0.00000000000095180241330301521879745609914630647654099097238374448184839852806084001384124173;-3512038139.5637956625962045830959413320255737543473392863803388325456072427677779,-4.0409366891111820559192774013481316920347732637751311600550199192733989645767609e-376,+inf,6.107452839469234808433284188511045974826e-32;1.247768515351233773381274253004310560994e-15;1.247768515351233773381274253004310560994e-15;1.247768515351233773381274253004310560994e-15;3.427833817763649694694721905608281616686e-26;1.247768515351233773381274253004310560994e-15;4.893198805399137377296409919155788937352e-22;1.247768515351233773381274253004310560994e-15;1.205577470314262825743500290054391019828e-42,4.2603767776056949437576513657535766879545736695411215237771981149648496877850998e-359,True,near_neutral_or_undetermined,7,2,0;1;2;3;4;5;6,7,-13966428944261.886936280135137432065776864945140937311750072269990888070819277032;-134771617254.68758195574724969492867945848128284468702178886947021901443551029372;-66902139006.269110669085490029052067969424854548968702578374837096358253681123002;-3512038139.5637956625962045830959413320255737543473392863803388325456072427677779;-0.00000000000095180241330301521879745609914630647654099097238374448184839852806084001384124173;-6.5080780015527779848794302048960585275760845911012485124913349292977623466887226;-1418211331.9200372178259355008439559039259243352694378677141209726505342530494049,-0.00000000000095180241330301521879745609914630647654099097238374448184839852806084001384124173,185250131554524457681526076.82270113352301744762408271974428860634347276591316002,4.1947908552693397511383863574596224528091985426990198300476938137629005361559357e-359,True,linearly_stable,
tire__O_dominant__stage_02,tire,tire_branch_03,O_s,-32.729800346921664,9,360,1e-260,3.6532167001525157456920822572636166999936360587795228223849403035953362662685525e-82,True,-13966428944261.886936280135137432065776864945140937311750072269990888070819277032;-134771617254.68758195574724969492867945848128284468702178886947021901443551029372;-66902139006.269110669085490029052067969424854548968702578374837096358253681123002;-1418211331.9200372178259355008439559039259243352694378677141209726505342530494049;-3512038139.5637956625962045830959413320255737543473392863803388325456072427677779;-6.5080780015527779848794302048960585275760845911012485124913349292977623466887226;-0.00000000000095180241330301521879745609914630647654099097238374448184839852806084001384124173;(-1.2547664359004209735853714979612868027894182855693752039519317206217098053683393e-376 - 2.248557560801138572019446671129287773413992641831456466217841496714983227834339e-375j);(-1.2547664359004209735853714979612868027894182855693752039519317206217098053683393e-376 + 2.248557560801138572019446671129287773413992641831456466217841496714983227834339e-375j),-1.2547664359004209735853714979612868027894182855693752039519317206217098053683393e-376,+inf,6.107452839469234808433284188511045974826e-32;1.247768515351233773381274253004310560994e-15;1.247768515351233773381274253004310560994e-15;1.247768515351233773381274253004310560994e-15;3.427833817763649694694721905608281616686e-26;1.205577470314262825743500290054391019828e-42;4.893198805399137377296409919155788937352e-22;1.247768515351233773381274253004310560994e-15;1.247768515351233773381274253004310560994e-15,4.2603767776056949437576513657535766879545736695411215237771981149648496877850998e-359,True,near_neutral_or_undetermined,7,2,0;1;2;3;4;5;6,7,-13966428944261.886936280135137432065776864945140937311750072269990888070819277032;-134771617254.68758195574724969492867945848128284468702178886947021901443551029372;-66902139006.269110669085490029052067969424854548968702578374837096358253681123002;-3512038139.5637956625962045830959413320255737543473392863803388325456072427677779;-0.00000000000095180241330301521879745609914630647654099097238374448184839852806084001384124173;-6.5080780015527779848794302048960585275760845911012485124913349292977623466887226;-1418211331.9200372178259355008439559039259243352694378677141209726505342530494049,-0.00000000000095180241330301521879745609914630647654099097238374448184839852806084001384124173,185250131554524457681526076.82270113352301744762408271974428860634347276591316002,4.1947908552693397511383863574596224528091985426990198300476938137629005361559357e-359,True,linearly_stable,
tita__Ha_dominant__stage_02,tita,tita_branch_01,Ha_s,-83.01299648744079,9,360,1e-260,9.5690331267199181956034446771716743523400593987678035395164360292196907288966285e-85,True,-13955886576602.329260703081912200175937566197494992505986332135407892068444225269;-6169749026268.0448522821651702877745758258351084091405104399554465698865238566329;-273344029.40058141117704468168971599796855596144936337165096577537761589896072701;-52467256.689553175407429575989905769321569860342076014817819051262226863571872209;-71701011153.76995174680818726465367548878233210271253440046140063470432807942182;-70718481662.954845678397423809614604366429954019335648680545066063895548647813666;-1.2430644153934526432155515157525563148520466234408594082286583873064566008989311e-35;-3.9604322011993304852403239249036370407835630675775770711153613658734943823140617e-374;1.1833054226699337799961236956319872679445666857809546930147098123863219818221661e-385,1.1833054226699337799961236956319872679445666857809546930147098123863219818221661e-385,+inf,1.037096605433886656350919882103433851337e-33;4.083774514787614156862555524735007309562e-18;4.083774514787614156862555524735007309562e-18;4.083774514787614156862555524735007309562e-18;4.083774514787614156862555524735007309562e-18;3.903730992179290370790204165473169787306e-49;5.837978757948473188857748445558842238218e-30;1.756778639374144923043600171426303739765e-28;3.903730992179290370790204165473169787306e-49,1.6667838845605494875234507409110818318478602763479552071342161563628335960053491e-355,True,near_neutral_or_undetermined,7,2,0;1;2;3;4;5;6,7,(-13955886576602.329260703081912200175937566197494992505986332135407892068444225269 - 8.2489657894582180700335976153968416469846399145037600960826078873487770473605865e-374j);(-71701011153.76995174680818726465367548878233210271253440046140063470432807942182 - 4.9898280061809500605568648712015380251851504251471659558547122488312110425297193e-372j);(-70718481662.954845678397423809614604366429954019335648680545066063895548647813666 + 4.8611693471528365913946363233934913024446197796395426075158368374645628022132785e-372j);(-273344029.40058141117704468168971599796855596144936337165096577537761589896072701 + 5.3026535448765355113485429038331685512738220441540558384531283811923654302397917e-374j);(-52467256.689553175407429575989905769321569860342076014817819051262226863571872209 - 1.0193936952984405424417055021628649552974363390381487409446159883426883429718807e-374j);(-1.2430644153934526432155515157525563148520466234408594082286583873064566008989311e-35 - 1.2554638833671272904855988146975030815826730559600611591058028088178186339299158e-373j);(-6169749026268.0448522821651702877745758258351084091405104399554465698865238566329 - 2.5993472224043658507206565585638544138184521699789751129103576580159553519696451e-373j),-1.2430644153934526432155515157525563148520466234408594082286583873064566008989311e-35,31637196939541324087338064410248813594702029867422.028495675199397610958108510307,3.4191935363339874584331119131017223527859425634477222322247853871052818358721464e-355,True,linearly_stable,
tita__Hb_dominant__stage_02,tita,tita_branch_02,Hb_s,-66.13279425944955,9,360,1e-260,6.9465867557293116883943498821944601699018527647950745298441758845081067126849457e-83,True,-273344029.400581411177044681689723790980015410358067912415391995991926498842402;-52467256.690301185603945198766189720250223524329733485594450592727850594761189391;-0.47082673035601193323037297075098118334704618446402551620323784487980607912943725;-0.028463626405623492295441181254041581459941069582232323500450885478167482805592989;1.0632043356597331797509444544798017180552536256826402727711925657885559260270158e-376;5.2812762457263521799118648514092981126551368800728684632678446618741937423223868e-376;-71701011153.01194744760756616550514911937852497019433089834391590047097081085159;-13955886576659.369789476523363221596575974940681317902591796394253185139350096224;-3980372936392.3240317785295512378365155825671211600630105853959627351252869406314,5.2812762457263521799118648514092981126551368800728684632678446618741937423223868e-376,+inf,6.662674328412934130535560304684701387576e-33;2.62356076378430946831093146672097828585e-17;2.62356076378430946831093146672097828585e-17;2.62356076378430946831093146672097828585e-17;2.62356076378430946831093146672097828585e-17;2.62356076378430946831093146672097828585e-17;2.62356076378430946831093146672097828585e-17;2.62356076378430946831093146672097828585e-17;4.626174224443203721668232451307104078169e-80,1.0076318366736455342084305285619009080660042731533957235041486778436006119210117e-323,True,near_neutral_or_undetermined,7,2,0;1;2;3;4;5;6,7,(-13955886576659.369789476523363221596575974940681317902591796394253185139350096224 + 1.4476357913905243272127736261231790016890044837332981083097453419131026142550664e-374j);(-3980372936392.3240317785295512378365155825671211600630105853959627351252869406314 + 3.7100901063641177105246841705117219000553922502962973059329937234534106610689915e-374j);(-71701011153.01194744760756616550514911937852497019433089834391590047097081085159 + 6.0473499920033536936263901047607691232528350442713264747878761551434983783441554e-375j);(-273344029.400581411177044681689723790980015410358067912415391995991926498842402 - 6.8117412652227813314690312894992096298600955187646623925979331326164798254446283e-374j);(-52467256.690301185603945198766189720250223524329733485594450592727850594761189391 - 2.4404319249826980848406210678083197067495136451287520508800451875298233012939319e-374j);(-0.028463626405623492295441181254041581459941069582232323500450885478167482805592989 + 1.3497064656826371557032315868632859803266097372649763711236611133561087459926415e-373j);(-0.47082673035601193323037297075098118334704618446402551620323784487980607912943725 - 7.0829756892783839132143845909592840253801638355143310849998979613055534805316658e-374j),-0.028463626405623492295441181254041581459941069582232323500450885478167482805592989,7428731927421850.8896058864155887210145729105258184448657216425596032978852140219,3.2482935524742435917446267370312127040812910710570405462682839193903432650966744e-324,True,linearly_stable,
tita__O_dominant__stage_02,tita,tita_branch_03,O_s,-66.13279425944955,9,360,1e-260,6.9465867557293116883943498821944601699018527647950745298441758845081067126849457e-83,True,-13955886576659.369789476523363221596575974940681317902591796394253185139350096224;-71701011153.01194744760756616550514911937852497019433089834391590047097081085159;-273344029.400581411177044681689723790980015410358067912415391995991926498842402;-52467256.690301185603945198766189720250223524329733485594450592727850594761189391;-0.47082673035601193323037297075098118334704618446402551620323784487980607912943725;-0.028463626405623492295441181254041581459941069582232323500450885478167482805592989;-3980372936392.3240317785295512378365155825671211600630105853959627351252869406314;(-2.1408628713128039987270201217809913718258249506127150515656771363848255351550341e-374 - 5.5609827837715624703965969222424511690532543894242722071382061137206438118945337e-374j);(-2.1408628713128039987270201217809913718258249506127150515656771363848255351550341e-374 + 5.5609827837715624703965969222424511690532543894242722071382061137206438118945337e-374j),-2.1408628713128039987270201217809913718258249506127150515656771363848255351550341e-374,+inf,6.662674328412934130535560304684701387576e-33;2.62356076378430946831093146672097828585e-17;2.62356076378430946831093146672097828585e-17;2.62356076378430946831093146672097828585e-17;2.62356076378430946831093146672097828585e-17;4.626174224443203721668232451307104078169e-80;2.62356076378430946831093146672097828585e-17;2.62356076378430946831093146672097828585e-17;2.62356076378430946831093146672097828585e-17,1.0076318366736455342084305285619009080660042731533957235041486778436006119210117e-323,True,near_neutral_or_undetermined,7,2,0;1;2;3;4;5;6,7,(-13955886576659.369789476523363221596575974940681317902591796394253185139350096224 + 1.4476357913905243272127736261231790016890044837332981083097453419131026142550664e-374j);(-3980372936392.3240317785295512378365155825671211600630105853959627351252869406314 + 3.7100901063641177105246841705117219000553922502962973059329937234534106610689915e-374j);(-71701011153.01194744760756616550514911937852497019433089834391590047097081085159 + 6.0473499920033536936263901047607691232528350442713264747878761551434983783441554e-375j);(-273344029.400581411177044681689723790980015410358067912415391995991926498842402 - 6.8117412652227813314690312894992096298600955187646623925979331326164798254446283e-374j);(-52467256.690301185603945198766189720250223524329733485594450592727850594761189391 - 2.4404319249826980848406210678083197067495136451287520508800451875298233012939319e-374j);(-0.028463626405623492295441181254041581459941069582232323500450885478167482805592989 + 1.3497064656826371557032315868632859803266097372649763711236611133561087459926415e-373j);(-0.47082673035601193323037297075098118334704618446402551620323784487980607912943725 - 7.0829756892783839132143845909592840253801638355143310849998979613055534805316658e-374j),-0.028463626405623492295441181254041581459941069582232323500450885478167482805592989,7428731927421850.8896058864155887210145729105258184448657216425596032978852140219,3.2482935524742435917446267370312127040812910710570405462682839193903432650966744e-324,True,linearly_stable,
titi__Ha_dominant__stage_03,titi,titi_branch_01,Ha_s,-127.06291012682068,9,460,1e-340,1.1044340242796113031613897484731882004490658599150893659271763861884813960163684e-93,True,-13890256357980.514497631129486783868724424558471801081316767940919683267530424747;-14585557305.968442628540390544254276255712143137379766139481381638093546686899412;-4583215804.1375288361697823592570674908008536839148314996869401151699776042979563;-324756.55510073638499298781348873451349274506297823795152525980655242692378023345;-6941719332939.7926865387383414725382146652675185789001852353891352998819225098102;-6941719332939.7926865387383414725382146652675185776022224905600882526248674427955;-1.0207910237074861673569112506466125408376605788077209538972742717868622784625938e-58;8.2169806643399722918453553660439963037584062151463759710779338400177525840427977e-476;7.0285669688548613970897854910095835991754060258086608305980769360356948366617224e-486,8.2169806643399722918453553660439963037584062151463759710779338400177525840427977e-476,+inf,2.558674606515160901398640655786416027726e-40;1.197032479967556115612637903095391093223e-27;1.197032479967556115612637903095391093223e-27;1.197032479967556115612637903095391093223e-27;1.197032479967556115612637903095391093223e-27;4.237630005664193180786215945166967509146e-70;2.711822331313002342579961290760853154983e-84;2.279605275005843531091014939569596442973e-76;4.237630005664193180786215945166967509146e-70,8.7565841280371925153319115724277932815409261966527047691942150622902467287969012e-430,True,near_neutral_or_undetermined,7,2,0;1;2;3;4;5;6,7,(-13890256357980.514497631129486783868724424558471801081316767940919683267530424747 - 8.5675084325549605316237732260099214039372374494380963336862415735113356476075102e-473j);(-14585557305.968442628540390544254276255712143137379766139481381638093546686899412 - 3.0834409272441871540170215362614246642955811531233383673029003405022021436192048e-474j);(-4583215804.1375288361697823592570674908008536839148314996869401151699776042979563 - 1.4102634422796699203795360598998544846272990635713874752119575218581575081813897e-472j);(-324756.55510073638499298781348873451349274506297823795152525980655242692378023345 + 9.1914756724456847049666825211530589331632143555796471402580798297868703259840705e-473j);(-1.0207910237074861673569112506466125408376605788077209538972742717868622784625938e-58 + 1.4219917922868351486818221101044172974554900442088617792708819262364638317500155e-472j);(-6941719332939.7926865387383414725382146652675185776022224905600882526248674427955 - 1.3261150089323173388399330913373375446837695734041564061878899909338662440392066e-473j);(-6941719332939.7926865387383414725382146652675185789001852353891352998819225098102 + 2.1326986702923497676889703407029795254679962256348285787606847658028865678472405e-473j),-1.0207910237074861673569112506466125408376605788077209538972742717868622784625938e-58,5183894180679273273175611368507970173590841990192286905244647910107218820.6614917,8.416408952326840044417722616041434568087823204507426159429128748482959773846007e-430,True,linearly_stable,
titi__vacant__stage_02,titi,titi_branch_02,H2O_s,-38.29334873690689,9,360,1e-260,2.3970248724743635309071980392086476024485972835327103978950291437830038285306093e-82,True,-13890256357980.514497631129486783868726854137809856567976809269894012771064243777;-717292953709.15166475270446856510114148964313462827243587543702011751093450166104;-14585557305.968442628540390544254276269088197314473384259603012508134212553683687;-4583215804.1375288361697823592570674969705515242543393562788059341047315941020004;-324756.55510073638499298781348873451335665162908150965333756811792647328678157233;-0.000000000000024758112814639378915040951804896257219030359583712595975503335299959640330449725;-7.6284235345436038517405504865216205228694570991301054446162080313600282410349358e-29;5.933380171836445953304397713867627098367964203972591991731600236161482101857733e-375;-2.8604201258864450969589364010627817621491737464355301544118468450480782036209495e-381,5.933380171836445953304397713867627098367964203972591991731600236161482101857733e-375,+inf,2.294284881237280572873356076722514481759e-28;1.073342235134758639530676360687026232236e-15;1.073342235134758639530676360687026232236e-15;1.073342235134758639530676360687026232236e-15;1.773759410697966463076646132776477823715e-51;1.027788443572748722789857564613792785342e-25;1.073342235134758639530676360687026232236e-15;1.073342235134758639530676360687026232236e-15;1.027788443572748722789857564613792785342e-25,2.5054279744401997838053060812001682628982771933306471557320898292600961049080278e-350,True,near_neutral_or_undetermined,7,2,0;1;2;3;4;5;6,7,-13890256357980.514497631129486783868726854137809856567976809269894012771064243777;-14585557305.968442628540390544254276269088197314473384259603012508134212553683687;-4583215804.1375288361697823592570674969705515242543393562788059341047315941020004;-7.6284235345436038517405504865216205228694570991301054446162080313600282410349358e-29;-0.000000000000024758112814639378915040951804896257219030359583712595975503335299959640330449725;-324756.55510073638499298781348873451335665162908150965333756811792647328678157233;-717292953709.15166475270446856510114148964313462827243587543702011751093450166104,-7.6284235345436038517405504865216205228694570991301054446162080313600282410349358e-29,2312261340124065627985068643137217236762526.7922961297872182229021906088101408606,2.4110265985500438725012814757159342805149431122794896009650708182238900839344577e-350,True,linearly_stable,
titi__water_dominant__stage_02,titi,titi_branch_03,H2O_s,-40.03852921112599,9,360,1e-260,3.7365050459297537067841982060526972586227514160386775559725248563894363159442881e-82,True,-13890256357980.51449763112948678386872576206375070043782524193405599777539695116;-14585557305.96844262854039054425427627113315118236696834996161508292409689552701;-4583215804.1375288361697823592570674945900554037660940375402043422247710686013164;-324756.5551007363849929878134887345134905508006307803071135219348228787538516859;-6.7934772434785344111532899907880174800227087700159661018782326237799900010672628;-0.0000000000000033199175663012747308954284195877812027649585241863584072532093566711245265313897;-6.5627541380766894035452509221460643414197332999020020708213631077747842826819542e-27;-1.3680729687876660678475484825102628157221845438558878702063909761450497663650601e-375;7.0193314337869527788720337842319814745832315131365979019185091510282352927856722e-383,7.0193314337869527788720337842319814745832315131365979019185091510282352927856722e-383,+inf,2.558674606302825981173271877026165423437e-28;1.197032479868218827339583278889368590801e-15;1.197032479868218827339583278889368590801e-15;1.197032479868218827339583278889368590801e-15;2.329349113488390447888047570972203786835e-40;1.378203958357040029961056742862651197363e-26;1.197032479868218827339583278889368590801e-15;1.197032479868218827339583278889368590801e-15;1.378203958357040029961056742862651197363e-26,2.6895694185153480619210230183407406606667837828205682706339079772903098156519349e-361,True,near_neutral_or_undetermined,7,2,0;1;2;3;4;5;6,7,-13890256357980.51449763112948678386872576206375070043782524193405599777539695116;-14585557305.96844262854039054425427627113315118236696834996161508292409689552701;-4583215804.1375288361697823592570674945900554037660940375402043422247710686013164;-324756.5551007363849929878134887345134905508006307803071135219348228787538516859;-6.5627541380766894035452509221460643414197332999020020708213631077747842826819542e-27;-0.0000000000000033199175663012747308954284195877812027649585241863584072532093566711245265313897;-6.7934772434785344111532899907880174800227087700159661018782326237799900010672628,-6.5627541380766894035452509221460643414197332999020020708213631077747842826819542e-27,26877296412307765172911417536914099573430.703914739006982154876660872747784498855,1.3493619886910064685582133218950027014790413322839982989120872995104482403727123e-361,True,linearly_stable,
tiv__Ha_dominant__stage_02,tiv,tiv_branch_01,Ha_s,-84.53948622886777,9,360,1e-260,9.4216983702819379302253686202944124246781800630388144943478554822149803562860049e-81,True,(-10774563023383.203353609360004125752955645920287866978531413879359908905882627783 + 6.3630695039175354749688442149030139483805262876080479124148692660120942381335913e-404j);(-4658534898720.2017472136769597037380748680559315144461810520866666998424780109294 + 1.700700498928489094029895914653929197644606605530830068132281090518635965669756e-403j);(-6615994566.6727365525226093599976893315012520982838136228738696249887633262947523 + 5.376933432963376071029615755532603858140595385907632055373154663954307743346961e-396j);(-6941719332946.7344062397635467570026026842552524460254456641943002403226084340788 + 4.4664451098560683454704035214433872013946025008257428000045930058552831401009733e-393j);(-6941719332938.6255660522224074870643799641308362113745874692944036642675332810933 + 3.0130200421854228355344972595231194848152983964409100693467833942978745253643408e-385j);(-6941719332938.6255664197316042866004303574725434435998428882040953602765671655812 + 1.8767184088776951090441839149756174919477513824523157454209851172659624887990328e-385j);-2.8315250388458935881766322560093019449077990926251613074041201518863920630755174e-36;-1.6269347732384408469916980012685199410931268044776813705344139626708817311934948e-373;-1.7498190959105594301288202996864558670826909463956271549270539701154654373222838e-376,-1.7498190959105594301288202996864558670826909463956271549270539701154654373222838e-376,+inf,1.030722430156702228142497974259826131697e-31;9.823580687422741385545173408020777032832e-15;4.238935368073876931362511061984933100967e-16;1.424898696111648571072058157033621728286e-15;9.823580687422741385545173408020777032832e-15;5.098745899677424711267943774859315514925e-50;2.660289607006352549926178983185241326813e-52;3.401366622216005411376621369749663988732e-47;5.098745899677424711267943774859315514925e-50,1.628449384964077648594589141339989564370388202901274617707507898729526294321609e-348,True,near_neutral_or_undetermined,7,2,0;1;2;3;4;5;6,7,(-10774563023383.203353609360004125752955645920287866978531413879359908905882627783 + 8.8626607767571373088931675118652249774835046156949857367090113997285382380848135e-374j);(-6615994566.6727365525226093599976893315012520982838136228738696249887633262947523 - 2.205127737506449019995021179520984889485504431821007061331284399599545115750325e-374j);(-4658534898720.2017472136769597037380748680559315144461810520866666998424780109294 - 1.6105607787436009960540923576260039324379892493619436868831378499947142784475517e-374j);(-2.8315250388458935881766322560093019449077990926251613074041201518863920630755174e-36 - 2.4836279504698627882570010212128363997633320194242644341395117998044415461439095e-374j);(-6941719332946.7344062397635467570026026842552524460254456641943002403226084340788 - 5.270481712199232505677045372186980306659589221072866963852169092811359096870559e-363j);(-6941719332938.6255664197316042866004303574725434435998428882040953602765671655812 - 1.3177812448501251859088565057494879056703489721927361822144238943606024989558264e-373j);(-6941719332938.6255660522224074870643799641308362113745874692944036642675332810933 + 5.270481712451329936883557021968776054177191019997325068094414673543879033793083e-363j),-2.8315250388458935881766322560093019449077990926251613074041201518863920630755174e-36,65173748224945513903634848153578118313029574853287.664757303081790133997163550935,1.0258170533459015230230496539216814891891148405828190933827733920912714778058493e-348,True,linearly_stable,
