surface,branch_id,root_id,seed_id,full_coverage_vector,full_numbers_vector,net_rate_vector,gas_tof_vector,dominant_species,log10_TOF,precision,tolerance,quality_status,replay_quality_pass
ticr,ticr_branch_01,ticr__Ha_dominant__stage_02,Ha_dominant,1.8268602683406839062885225122657526535877813405006643632898188058881604621945914e-32;0.00000000000057616752226086267775194234566576754984038182447120604512599886962591857994192468;0.000000000000023630865570802516334400212238776649426565180883710728425845656216710715839150784;0.000000000001300920734326963479984242496576843322906243393970739307245141644820944922904372;0.99999999999809765503965190705069617828931851477290920207767643640913408680315303;5.6298035719819253907074336455371887410618032072557460129326804687775907990312845e-38;9.0620297350463179080236574765509931076487001042554718895651565418941172653009055e-43;6.5622741758977561063436693867881859435689628321884939454185506780866234689756005e-40;5.6298035719819253907074336455371887410618032072557460129326804687775907990312845e-38;0.0000000000000016258381894642752149679402634858056529342413014077683628006978746687827328976921,0.00000000000000013516139494486988521385142023164190038153995029868156206371025944272504488177065;0.00000075905699539758294376860054780134251470110057827165582202197233262589934779909467;0.00000015372334100861007127299696510627710416928811221551494519932178107450230607784641;0.0000011405791223451118148717713284618236882275594333920195464632943259143196972731281;1.0000000000000412268502638547951620746143004496782791014455890080349352932919787;0.00000000000000000023727207109124957897942969193564295770550930122067012517846958070732855448784908;0.00000000000000000000095194693838807550484502962753264616454865939934269398941339243799169571259262717;0.000000000000000000025616936147616835755519344541980377274484965672077891651134096137585678465106793;0.00000000000000000023727207109124957897942969193564295770550930122067012517846958070732855448784908;0.000000040321683862005343792023551098031064495234835155264026744080328622740007302713354,2.2001563023991744405085681180000722625430978243982340058918612957715141810321515e-62;2.2001563023991744405085681180000722625430978243982340058918612957715141810321515e-62;2.2001563023991744405085681180000722625430978243982340058918612957715141810321515e-62;2.2001563023991744405085681180000722625430978243982340058918612957715141810321515e-62;2.2001563023991744405085681180000722625430978243982340058918612957715141810321515e-62;2.2001563023991744405085681180000722625430978243982340058918612957715141810321515e-62;2.2001563023991744405085681180000722625430978243982340058918612957715141810321515e-62;2.2001563023991744405085681180000722625430978243982340058918612957715141810321515e-62,2.2001563023991744405085681180000722625430978243982340058918612957715141810321515e-62;-2.2001563023991744405085681180000722625430978243982340058918612957715141810321515e-62;-2.2001563023991744405085681180000722625430978243982340058918612957715141810321515e-62;2.2001563023991744405085681180000722625430978243982340058918612957715141810321515e-62,Ha_s,-61.65754646515133,360.0,1e-260,validated_single_precision,True
tihf,tihf_branch_01,tihf__Ha_dominant__stage_03,Ha_dominant,6.4019350915994924722708588131601362418163780474590722727288350944939307983465727e-30;0.00000000000065000806247061982476184660438951217566322815992146279762952984199175264640157271;0.000000000000086662256620315222270591668049174162398850373759627211158670681698135149924515516;0.0000000000014027411699003872172055358666220658669921782381683716742423489215619624963287757;0.99999999999782970509353184791427173388976885299462182580298759678025934017333112;1.6425090475076098305449710467293317207034153380479827370951056437164332842387863e-65;9.2133400318132432598032629322576701836027077611032166036954397426675437404004082e-82;8.9655750107569226594738879977615787009119034078698007893428195358427165126545266e-66;1.6425090475076098305449710467293317207034153380479827370951056437164332842387863e-65;0.000000000000030883417476829815088356879570902328053058612002805253077976373048834935966436573,0.0000000000000025302045552902688632605884386755396147744260995335943679668302589083581184857059;0.00000080623077494713131506854704806302892185646785359084490912664015953263783425387382;0.00000029438453869128298535373892100265230961768972184935181096764261341511971084097697;0.0000011843737458686958279819069422132184042051107678631802788510934931767300392630749;0.99999999999986259355264708267875217123501232331355075688246147536781100382381761;4.0527879879296957579935848078874229020375018889884953537629171701353262775601063e-33;3.0353484201703610981293590282470782900062374466071511342782387520411929126441241e-41;2.9942570047966685429179745478110676213397558004955411149671443807808752870739019e-33;4.0527879879296957579935848078874229020375018889884953537629171701353262775601063e-33;0.00000017573678464364924771913923838236720592444681183127794327466354126402430676646578,7.6633221593103987049556218830262739049755911523257426155441091172426287059137579e-121;7.6633221593103987049556218830262739049755911523257426155441091172426287059137579e-121;7.6633221593103987049556218830262739049755911523257426155441091172426287059137579e-121;7.6633221593103987049556218830262739049755911523257426155441091172426287059137579e-121;7.6633221593103987049556218830262739049755911523257426155441091172426287059137579e-121;7.6633221593103987049556218830262739049755911523257426155441091172426287059137593e-121;7.6633221593103987049556218830262739049755911523257426155441091172426287059137579e-121;7.6633221593103987049556218830262739049755911523257426155441091172426287059137579e-121,7.6633221593103987049556218830262739049755911523257426155441091172426287059137579e-121;-7.6633221593103987049556218830262739049755911523257426155441091172426287059137579e-121;-7.6633221593103987049556218830262739049755911523257426155441091172426287059137579e-121;7.6633221593103987049556218830262739049755911523257426155441091172426287059137579e-121,Ha_s,-120.11558291670224,460.0,1e-340,validated_single_precision,True
timn,timn_branch_01,timn__Ha_dominant__stage_02,Ha_dominant,1.2412023278140622713979882923939819840319499012017830807966666560187571780276511e-31;0.0000000000012213493200433691168996135456706392760907378869706389153937094053529460041226456;0.0000000000000047891395539393308057346266016965025042505313804120894075008679624110918317645637;0.000000000000088538503727090914900498871755585146849460687579507714183398215531051826115664906;0.99999999999866601183812775987641495934958494901014236419799696795320360674062387;6.4916722408587203434362821390423265643306506487934251678874660102179836244371714e-36;5.6557643395394196335731185905899512411457797145733836166862525113834410476131103e-47;9.4276916750123357507879327790928490635882995125899941235502030736650171598826266e-42;6.4916722408587203434362821390423265643306506487934251678874660102179836244371714e-36;0.000000000000019311198547840760855060390251814371600045263123812776245182364145147783802756056,0.00000000000000035230701494815015345108075170270587980099401635961421064928488180595758237115289;0.0000011051467414085898831890326729248746709174112278128295081191303477269882921072044;0.000000069203609399725268931195613798905182650700172990845086295202301002482892184927551;0.00000029755420300725617514507532724099929913332288269292660927376825759101248329091302;1.0000000000004201313825203071580338059170990942257623433933247616538098958037936;0.000000000000000002547876025412703409039079821247100341995019288376892259398189186221297552819326;0.000000000000000000000007520481593323473246695517010101489114406724176605269349258774913820433879333002;0.0000000000000000000030704546365372073215450713881574561333276967496491066242452686028362041097139277;0.000000000000000002547876025412703409039079821247100341995019288376892259398189186221297552819326;0.00000013896473850543075175999916536152324980719349079273963846366366741086132466006595,3.9467943527949515013225890362551174015842386301848826088085052725990069093041539e-61;3.9467943527949515013225890362551174015842386301848826088085052725990069093041539e-61;3.9467943527949515013225890362551174015842386301848826088085052725990069093041539e-61;3.9467943527949515013225890362551174015842386301848826088085052725990069093041539e-61;3.9467943527949515013225890362551174015842386301848826088085052725990069093041539e-61;3.9467943527949515013225890362551174015842386301848826088085052725990069093041539e-61;3.9467943527949515013225890362551174015842386301848826088085052725990069093041539e-61;3.9467943527949515013225890362551174015842386301848826088085052725990069093041539e-61,3.9467943527949515013225890362551174015842386301848826088085052725990069093041539e-61;-3.9467943527949515013225890362551174015842386301848826088085052725990069093041539e-61;-3.9467943527949515013225890362551174015842386301848826088085052725990069093041539e-61;3.9467943527949515013225890362551174015842386301848826088085052725990069093041539e-61,Ha_s,-60.40375550187231,360.0,1e-260,validated_single_precision,True
timo,timo_branch_01,timo__Ha_dominant__stage_02,Ha_dominant,2.5308383282223382747638818536999537877293666204827879385124434100278226040772824e-29;0.000000000000020145487584699898850853014535332603936847540860352698407561329895213189147683111;0.00000000000064710731919926133512822386282575812117211461141615317173690591510868256620417387;0.0000000000012690719044452528527206160433475535446727680589792399326076257535847434467216781;0.99999999999806355018450946509238771917381626057380338662261372447219268182876474;2.2439946228425899845323915350900548877726564094881314907655136529131874579949397e-35;1.0513620707386565635982384681111750812208185904536634260469087790015438573162018e-33;4.5548569301354934078991247715024998926093787423374564621085081923581971993156003e-39;2.2439946228425899845323915350900548877726564094881314907655136529131874579949397e-35;0.00000000000000012510426132079560310837673365997027728233493305410008008280349071801525078668008,0.0000000000000050307438100417444214844066784391476033584989557661153748566728768176953635255624;0.00000014193480047098968803336928602610661107116189434162833795844730896609941475159639;0.00000080442980998999431433816141493647587794237297652785685032710492473708393945970443;0.00000112653091588635829935494158663603626917963352187777778995880650154085004809574;1.0000000000000184902801689299537737131530828461458849320040229145510993442368473;0.0000000000000000047370820373379838181730965391588795634886071741752706549725686922864122216565585;0.000000000000000032424713888340346517424236599059910378569731878594980704056054405869410605309913;0.000000000000000000067489680175153312849045520979196915637041807489900845017540384549409060565326484;0.0000000000000000047370820373379838181730965391588795634886071741752706549725686922864122216565585;0.000000011185001623649523979438378386643440850163670126337389663215295991587069480297794,6.4713015888825497205939385682027408226490222762804471051333890466638215548558774e-58;6.4713015888825497205939385682027408226490222762804471051333890466638215548558774e-58;6.4713015888825497205939385682027408226490222762804471051333890466638215548558774e-58;6.4713015888825497205939385682027408226490222762804471051333890466638215548558774e-58;6.4713015888825497205939385682027408226490222762804471051333890466638215548558774e-58;6.4713015888825497205939385682027408226490222762804471051333890466638215548558774e-58;6.4713015888825497205939385682027408226490222762804471051333890466638215548558774e-58;6.4713015888825497205939385682027408226490222762804471051333890466638215548558774e-58,6.4713015888825497205939385682027408226490222762804471051333890466638215548558774e-58;-6.4713015888825497205939385682027408226490222762804471051333890466638215548558774e-58;-6.4713015888825497205939385682027408226490222762804471051333890466638215548558774e-58;6.4713015888825497205939385682027408226490222762804471051333890466638215548558774e-58,Ha_s,-57.18900835982307,360.0,1e-260,validated_single_precision,True
timo,timo_branch_02,timo__Hb_dominant__stage_02,Hb_dominant,1.4917456263490728868507640115843855558115750222476030840152373947212536811124961e-29;0.000000000000011874303727750535974401946331196875286725416806290599281874964786098872008094037;0.00000000000038142282832897292114909770210009194010360015503659363559765928702372799941103308;0.00000000000074802583865890686748944827012305251998611587054330027300001332369572299608143946;0.00000000000000000000038986034180075983755727482749467199762678650602351923394733683092550323598430939;0.99999999999792167604419680671589495842099628794756041427647114523015835073172007;0.00000000000093692318574090169136801272003847458387968077667680724200865747636410820183010911;0.0000000000000000040590688824264660837426261779729938296412871721078673832006502978844346235183614;2.4439534857338046864856848049532161054512680196636515842654362877849040679901406e-49;0.000000000000000073739887918484939781096736714463942926401134668379298223078841283529875661558178,0.0000000000000038623122949234728698423914139999878163044569341154584411469131274147525516385663;0.00000010896927882560050536760838233721585364741141905139991518221937063533919211905742;0.00000061759438819474813147331732445508131374271559346471637342993884418973916340897235;0.00000086488487017650239552820051047719891100272568345193528759035554680392619357948824;0.000000000019744881407631878690983982121858564900860468770784545424341792720133042478628007;0.99999999999984218148361475520811961494403343488746604079890596854400601144783739;0.00000096794792511919420592858884703770424336631665015768809367464167023434993980205221;0.0000000020147131017675000346841758460404400692474288908390110133330536624970932169665327;0.00000000000000000000000049436357933590866533142712314799780541204235513844419941666546376176852007459586;0.000000008587193250335928017989112549643552954458279733032192177426787759483068145141937,2.0035678849418737113830732156297238159993516420497624984510013251922735205940316e-37;2.0035678849418737113830732156297238159993516420497624984510013251922735205940316e-37;2.0035678849418737113830732156297238159993516420497624984510013251922735205940316e-37;2.0035678849418737113830732156297238159993516420497624984510013251922735205940316e-37;2.0035678849418737113830732156297238159993516420497624984510013251922735205940316e-37;2.0035678849418737113830732156297238159993516420497624984510013251922735205940316e-37;2.0035678849418737113830732156297238159993516420497624984510013251922735205940316e-37;2.0035678849418737113830732156297238159993516420497624984510013251922735205940316e-37,2.0035678849418737113830732156297238159993516420497624984510013251922735205940316e-37;-2.0035678849418737113830732156297238159993516420497624984510013251922735205940316e-37;-2.0035678849418737113830732156297238159993516420497624984510013251922735205940316e-37;2.0035678849418737113830732156297238159993516420497624984510013251922735205940316e-37,Hb_s,-36.69819593820448,360.0,1e-260,validated_single_precision,True
timo,timo_branch_03,timo__O_dominant__stage_02,O_dominant,1.4917456263490728868507640115843855558115750222476030840152373947212536811124961e-29;0.000000000000011874303727750535974401946331196875286725416806290599281874964786098872008094037;0.00000000000038142282832897292114909770210009194010360015503659363559765928702372799941103308;0.00000000000074802583865890686748944827012305251998611587054330027300001332369572299608143946;0.00000000000000000000038986034180075983755727482749467199762678650602351923394733683092550323598430939;2.4439534857338046864856848049532161054512680196636515842654362877849040679901406e-49;0.00000000000093692318574090169136801272003847458387968077667680724200865747636410820183010911;0.0000000000000000040590688824264660837426261779729938296412871721078673832006502978844346235183614;0.99999999999792167604419680671589495842099628794756041427647114523015835073172007;0.000000000000000073739887918484939781096736714463942926401134668379298223078841283529875661558178,0.0000000000000038623122949234728698423914139999878163044569341154584411469131274147525516385663;0.00000010896927882560050536760838233721585364741141905139991518221937063533919211905742;0.00000061759438819474813147331732445508131374271559346471637342993884418973916340897235;0.00000086488487017650239552820051047719891100272568345193528759035554680392619357948824;0.000000000019744881407631878690983982121858564900860468770784545424341792720133042478628007;0.00000000000000000000000049436357933590866533142712314799780541204235513844419941666546376176852007459586;0.00000096794792511919420592858884703770424336631665015768809367464167023434993980205221;0.0000000020147131017675000346841758460404400692474288908390110133330536624970932169665327;0.99999999999984218148361475520811961494403343488746604079890596854400601144783739;0.000000008587193250335928017989112549643552954458279733032192177426787759483068145141937,2.0035678849418737113830732156297238159993516420497624984510013251922735205940316e-37;2.0035678849418737113830732156297238159993516420497624984510013251922735205940316e-37;2.0035678849418737113830732156297238159993516420497624984510013251922735205940316e-37;2.0035678849418737113830732156297238159993516420497624984510013251922735205940316e-37;2.0035678849418737113830732156297238159993516420497624984510013251922735205940316e-37;2.0035678849418737113830732156297238159993516420497624984510013251922735205940316e-37;2.0035678849418737113830732156297238159993516420497624984510013251922735205940316e-37;2.0035678849418737113830732156297238159993516420497624984510013251922735205940316e-37,2.0035678849418737113830732156297238159993516420497624984510013251922735205940316e-37;-2.0035678849418737113830732156297238159993516420497624984510013251922735205940316e-37;-2.0035678849418737113830732156297238159993516420497624984510013251922735205940316e-37;2.0035678849418737113830732156297238159993516420497624984510013251922735205940316e-37,O_s,-36.69819593820448,360.0,1e-260,validated_single_precision,True
tire,tire_branch_01,tire__Ha_dominant__stage_02,Ha_dominant,4.0694791476661289824221370640714664802623460874425148843299863936919979258886647e-31;0.00000000000051244696893761851746359298605102972272823426112237055590356526801243848121461872;0.000000000000077226107522901744785064300507120348667179364728143533951491008356304681373147471;0.000000000001392320940439334499459987100205357983758012519097737503056064681448221823860105;0.99999999999800969193125589922649305811240723454887295897340286297486938694658;7.4833751672167966129317191702388513990099016424952012305734829906675359888591758e-34;6.9242618325962809343118540908834879502064258859392598848166727612141409280268014e-64;3.5669980962485202931734631898406384075979018941009287512871198038749212870228575e-37;7.4833751672167966129317191702388513990099016424952012305734829906675359888591758e-34;0.0000000000000083140518442460113898525543293915135567855140613713374234314871120039310109435878,0.00000000000000063792469364918667946235253202169872806072749429600536716823242538436184187429179;0.00000071585401370574195871939916559928329493499684948327444632689789760655336896802628;0.00000027789585733337724355623117733727485683289129288697128415239168377885109207891848;0.0000011799664997117745088192094699769276021610664936664248333300846930869597499144243;0.99999999999998258481349220981673452647675992327949230663313136454863899649300907;0.0000000000000000273557583832571349646017749126269074232456462908018536402205073185766568994157;2.631399215742419646183127790540939408255674863461682335954817693633865003244758e-32;0.00000000000000000059724350948800569434149359437470867048120720600703511035471924399753010834703401;0.0000000000000000273557583832571349646017749126269074232456462908018536402205073185766568994157;0.000000091181422692685977484433599491690325997662545523564954391835854134814726414773141,1.9667731032379540720986498461631440317974903207129178602470145708019910596813894e-57;1.9667731032379540720986498461631440317974903207129178602470145708019910596813894e-57;1.9667731032379540720986498461631440317974903207129178602470145708019910596813894e-57;1.9667731032379540720986498461631440317974903207129178602470145708019910596813894e-57;1.9667731032379540720986498461631440317974903207129178602470145708019910596813894e-57;1.9667731032379540720986498461631440317974903207129178602470145708019910596813894e-57;1.9667731032379540720986498461631440317974903207129178602470145708019910596813894e-57;1.9667731032379540720986498461631440317974903207129178602470145708019910596813894e-57,1.9667731032379540720986498461631440317974903207129178602470145708019910596813894e-57;-1.9667731032379540720986498461631440317974903207129178602470145708019910596813894e-57;-1.9667731032379540720986498461631440317974903207129178602470145708019910596813894e-57;1.9667731032379540720986498461631440317974903207129178602470145708019910596813894e-57,Ha_s,-56.70624573957,360.0,1e-260,validated_single_precision,True
tire,tire_branch_02,tire__Hb_dominant__stage_02,Hb_dominant,2.4429811357876939233733136754044183899303357925856062589566037260462334489423511e-31;0.00000000000030763108318602006549897837620386301537468277172561904636492638336776418934925577;0.000000000000046360213929575092298169382056265404371271149935357418249728068312222124452658733;0.00000000000083583516932084973932700987159328966978225769972732158467416356284030210570028687;0.00000000000000000000000013711335271054598778778887622433126466745150749273459616928320849600011830973819;0.99999999999786765132500911451331210997678902417224699958303725654028574698385398;0.0000000000000000000019572795221596549509185639676623155749409279940824945384130284974520136242245877;0.00000000000093753113253561901871354368585559703722368330090558774568861697533323726334485424;4.8223098812570513029740011602175640793128269816926591830909447441102144219659168e-42;0.0000000000000049910740614049350935250970120172422439771696198463789935796099454201943840804142,0.00000000000000049426522594574223362161134897119004980112258153116200672146179215776004856041684;0.00000055464500645598243094493469672931559477013021288623050781515225928876735663496608;0.00000021531422138274094370427379830263880144027530043297698242194644818759152014109736;0.00000091424021423382379523437286889549931621789863423678438905060649137687952702225871;0.00000000000037028820223008079361110942869572589935907421858310675081257444383757399562504268;0.99999999999980618062429441498185529054844404310224753371288585346992192769588595;0.000000000044241151908184644779300086740219368558551590375794005057495796994687616900143346;0.0000009682619131914952785855765614603048715914289823383967829989767531438926907820224;0.0000000000000000000021959758380422733683276158935936472604232542644220657805928999424023364605104779;0.000000070647534008015050248640874299956465481257268386165754575137006976631745319547112,1.8629433688108735552707958941249829784060764105310213376623499233036329997686523e-33;1.8629433688108735552707958941249829784060764105310213376623499233036329997686523e-33;1.8629433688108735552707958941249829784060764105310213376623499233036329997686523e-33;1.8629433688108735552707958941249829784060764105310213376623499233036329997686523e-33;1.8629433688108735552707958941249829784060764105310213376623499233036329997686523e-33;1.8629433688108735552707958941249829784060764105310213376623499233036329997686523e-33;1.8629433688108735552707958941249829784060764105310213376623499233036329997686523e-33;1.8629433688108735552707958941249829784060764105310213376623499233036329997686523e-33,1.8629433688108735552707958941249829784060764105310213376623499233036329997686523e-33;-1.8629433688108735552707958941249829784060764105310213376623499233036329997686523e-33;-1.8629433688108735552707958941249829784060764105310213376623499233036329997686523e-33;1.8629433688108735552707958941249829784060764105310213376623499233036329997686523e-33,Hb_s,-32.729800346921664,360.0,1e-260,validated_single_precision,True
tire,tire_branch_03,tire__O_dominant__stage_02,O_dominant,2.4429811357876939233733136754044183899303357925856062589566037260462334489423511e-31;0.00000000000030763108318602006549897837620386301537468277172561904636492638336776418934925577;0.000000000000046360213929575092298169382056265404371271149935357418249728068312222124452658733;0.00000000000083583516932084973932700987159328966978225769972732158467416356284030210570028687;0.00000000000000000000000013711335271054598778778887622433126466745150749273459616928320849600011830973819;4.8223098812570513029740011602175640793128269816926591830909447441102144219659168e-42;0.0000000000000000000019572795221596549509185639676623155749409279940824945384130284974520136242245877;0.00000000000093753113253561901871354368585559703722368330090558774568861697533323726334485424;0.99999999999786765132500911451331210997678902417224699958303725654028574698385398;0.0000000000000049910740614049350935250970120172422439771696198463789935796099454201943840804142,0.00000000000000049426522594574223362161134897119004980112258153116200672146179215776004856041684;0.00000055464500645598243094493469672931559477013021288623050781515225928876735663496608;0.00000021531422138274094370427379830263880144027530043297698242194644818759152014109736;0.00000091424021423382379523437286889549931621789863423678438905060649137687952702225871;0.00000000000037028820223008079361110942869572589935907421858310675081257444383757399562504268;0.0000000000000000000021959758380422733683276158935936472604232542644220657805928999424023364605104779;0.000000000044241151908184644779300086740219368558551590375794005057495796994687616900143346;0.0000009682619131914952785855765614603048715914289823383967829989767531438926907820224;0.99999999999980618062429441498185529054844404310224753371288585346992192769588595;0.000000070647534008015050248640874299956465481257268386165754575137006976631745319547112,1.8629433688108735552707958941249829784060764105310213376623499233036329997686523e-33;1.8629433688108735552707958941249829784060764105310213376623499233036329997686523e-33;1.8629433688108735552707958941249829784060764105310213376623499233036329997686523e-33;1.8629433688108735552707958941249829784060764105310213376623499233036329997686523e-33;1.8629433688108735552707958941249829784060764105310213376623499233036329997686523e-33;1.8629433688108735552707958941249829784060764105310213376623499233036329997686523e-33;1.8629433688108735552707958941249829784060764105310213376623499233036329997686523e-33;1.8629433688108735552707958941249829784060764105310213376623499233036329997686523e-33,1.8629433688108735552707958941249829784060764105310213376623499233036329997686523e-33;-1.8629433688108735552707958941249829784060764105310213376623499233036329997686523e-33;-1.8629433688108735552707958941249829784060764105310213376623499233036329997686523e-33;1.8629433688108735552707958941249829784060764105310213376623499233036329997686523e-33,O_s,-32.729800346921664,360.0,1e-260,validated_single_precision,True
tita,tita_branch_01,tita__Ha_dominant__stage_02,Ha_dominant,4.1483864217355466254036795284137354053473095942352414667899197232328548847330007e-33;0.00000000000000078701448534934381494737429761149692654932228076143816180306040201378146181809853;0.00000000000043824923340401392836155958106255223778296213705046693025438301406891719068183849;0.0000000000012705776266685537673285742454567435686934396554301829460836251379221279218154236;0.99999999999829036979034402308397077218108739623394835980964490906422618270111558;1.5614923968717161483160816661892679149224777994120529149278745961484278594353482e-48;2.3351915031793892755430993782235368952871216905312016063756610221952547915916414e-29;7.0271145574965796921744006857052149590614812758684239064079345433807044376456537e-28;1.5614923968717161483160816661892679149224777994120529149278745961484278594353482e-48;0.000000000000000016335098059150456627450222098940029238249564968730217150952364185432782294947121,0.000000000000000064407968619915710102886937995119733429637567231505037224636999982312714231567014;0.00000002805377845052171286355175139287575738454796827811212936794309702079930329028645;0.00000066200395271094259321857324348410111261702325145845318610458339122355302360631991;0.0000011271990182177933514384343712183328259813668522992491983485422477516817886618452;1.0000000000001697033507447295251786677677721507398024145324890117049840124629224;0.0000000000000000000000012495968937521074455440746186492825705990311649329316111621569130375820541866076;0.0000000000000048323819211483834963481496964527772641688729430264520773258934973322413962602929;0.000000000000026508705282436897071312188110972486473455077279697745383822331154124664248828497;0.0000000000000000000000012495968937521074455440746186492825705990311649329316111621569130375820541866076;0.0000000040416702066328875377220860527438148887276878307953756126190792633356521039248517,9.7051781672933048728305538171961870627439040548517870492292976267608887144053689e-84;9.705178167293304872830553817196187062743904054851787049229297626760888714405369e-84;9.7051781672933048728305538171961870627439040548517870492292976267608887144053689e-84;9.7051781672933048728305538171961870627439040548517870492292976267608887144053689e-84;9.7051781672933048728305538171961870627439040548517870492292976267608887144053689e-84;9.705178167293304872830553817196187062743904054851787049229297626760888714406894e-84;9.7051781672933048728305538171961870627439040548517870492292976267608887144053688e-84;9.7051781672933048728305538171961870627439040548517870492292976267608887144053689e-84,9.7051781672933048728305538171961870627439040548517870492292976267608887144053689e-84;-9.7051781672933048728305538171961870627439040548517870492292976267608887144053689e-84;-9.7051781672933048728305538171961870627439040548517870492292976267608887144053689e-84;9.7051781672933048728305538171961870627439040548517870492292976267608887144053689e-84,Ha_s,-83.01299648744079,360.0,1e-260,validated_single_precision,True
tita,tita_branch_02,tita__Hb_dominant__stage_02,Hb_dominant,2.665069731365173652214224121873880555030267415302918110704830038520998540443483e-32;0.0000000000000050560585968097291484605515803154091955138604279779737243595376326937783544261211;0.0000000000028154676252420842558075906057323020981066410620972405909494975814161475375963762;0.0000000000081626387465792024121613800431045755575170343491013392503344896859642361706084143;0.000000000000022444775347699898399282932189322013405312762981474764329061717896267351179899009;0.99999999998765917489645859653664990583737879566080490733152657247462820230995926;0.000000000000042940389979333524318308205727321095222052829169861417521906692771166645782982331;0.0000000000012921725653657222711096886897150475900949615573645080224494053099192175924096188;1.8504696897772814886672929805228416312674074437854187780224789253698540919561554e-79;0.00000000000000010494243055137237873243725866883913143400611228670051277449028779486055583606002,0.00000000000000016325041290611988376694406909303415433093784676442256313935518606059638618603973;0.00000007110596737883069760142583313908138820546763688542750804367195798922170018284311;0.0000016779355247687094800308334101140569251311831164604232424544936094893956602116198;0.0000028570332071384078493544621208133985699694129860944273204085165824178913052361797;0.0000001498158047337092301132840315402375933066176164761640758012951368405793082581271;1.0000000000007130281942615204710916899568255171328631189595228610435084293184084;0.00000020722063116380250900681983053051664388692712026376039749149611275876309291123236;0.0000011367376853889869422835598320463840534530521820328786972779208922143782606232992;4.3017086021751365086866966229113406478809321746150500161094699792655344737393315e-40;0.000000010244141279424894222906223977639558679528236085303877761301836913253830296451802,7.3655594728037908343472582969102236353917484333829041515458716440844227683692437e-67;7.3655594728037908343472582969102236353917484333829041515458716440844227683692437e-67;7.3655594728037908343472582969102236353917484333829041515458716440844227683692437e-67;7.3655594728037908343472582969102236353917484333829041515458716440844227683692437e-67;7.3655594728037908343472582969102236353917484333829041515458716440844227683692437e-67;7.3655594728037908343472582969102236353917484333829041515458716440844227683692437e-67;7.3655594728037908343472582969102236353917484333829041515458716440844227683692437e-67;7.3655594728037908343472582969102236353917484333829041515458716440844227683692437e-67,7.3655594728037908343472582969102236353917484333829041515458716440844227683692437e-67;-7.3655594728037908343472582969102236353917484333829041515458716440844227683692437e-67;-7.3655594728037908343472582969102236353917484333829041515458716440844227683692437e-67;7.3655594728037908343472582969102236353917484333829041515458716440844227683692437e-67,Hb_s,-66.13279425944955,360.0,1e-260,validated_single_precision,True
tita,tita_branch_03,tita__O_dominant__stage_02,O_dominant,2.665069731365173652214224121873880555030267415302918110704830038520998540443483e-32;0.0000000000000050560585968097291484605515803154091955138604279779737243595376326937783544261211;0.0000000000028154676252420842558075906057323020981066410620972405909494975814161475375963762;0.0000000000081626387465792024121613800431045755575170343491013392503344896859642361706084143;0.000000000000022444775347699898399282932189322013405312762981474764329061717896267351179899009;1.8504696897772814886672929805228416312674074437854187780224789253698540919561554e-79;0.000000000000042940389979333524318308205727321095222052829169861417521906692771166645782982331;0.0000000000012921725653657222711096886897150475900949615573645080224494053099192175924096188;0.99999999998765917489645859653664990583737879566080490733152657247462820230995926;0.00000000000000010494243055137237873243725866883913143400611228670051277449028779486055583606002,0.00000000000000016325041290611988376694406909303415433093784676442256313935518606059638618603973;0.00000007110596737883069760142583313908138820546763688542750804367195798922170018284311;0.0000016779355247687094800308334101140569251311831164604232424544936094893956602116198;0.0000028570332071384078493544621208133985699694129860944273204085165824178913052361797;0.0000001498158047337092301132840315402375933066176164761640758012951368405793082581271;4.3017086021751365086866966229113406478809321746150500161094699792655344737393315e-40;0.00000020722063116380250900681983053051664388692712026376039749149611275876309291123236;0.0000011367376853889869422835598320463840534530521820328786972779208922143782606232992;1.0000000000007130281942615204710916899568255171328631189595228610435084293184084;0.000000010244141279424894222906223977639558679528236085303877761301836913253830296451802,7.3655594728037908343472582969102236353917484333829041515458716440844227683692437e-67;7.3655594728037908343472582969102236353917484333829041515458716440844227683692437e-67;7.3655594728037908343472582969102236353917484333829041515458716440844227683692437e-67;7.3655594728037908343472582969102236353917484333829041515458716440844227683692437e-67;7.3655594728037908343472582969102236353917484333829041515458716440844227683692437e-67;7.3655594728037908343472582969102236353917484333829041515458716440844227683692437e-67;7.3655594728037908343472582969102236353917484333829041515458716440844227683692437e-67;7.3655594728037908343472582969102236353917484333829041515458716440844227683692437e-67,7.3655594728037908343472582969102236353917484333829041515458716440844227683692437e-67;-7.3655594728037908343472582969102236353917484333829041515458716440844227683692437e-67;-7.3655594728037908343472582969102236353917484333829041515458716440844227683692437e-67;7.3655594728037908343472582969102236353917484333829041515458716440844227683692437e-67,O_s,-66.13279425944955,360.0,1e-260,validated_single_precision,True
titi,titi_branch_01,titi__Ha_dominant__stage_03,Ha_dominant,1.0234698426060643605594562623145664110902049848570482388765140223486689690452571e-39;0.0000000000000000000000030702277849775533079410739508932183424927356296689540002565400666852358178102055;0.00000000000000000000000040559084774042003633759914380498497926158616030406135367538249009361185803966395;0.0000000000010000000000785270416188128510497820654647706826277461142526650886004612638679841;0.99999999999899999999991799235161854930435800696828285437192667041038314606055115;1.6950520022656772723144863780667870036583116173869056547765160008652750502924183e-69;1.0847289325252009370319845163043412619932186686430497420610118082741161136722666e-83;9.1184211000233741243640597582783857718904535229853699560234391854898897077422254e-76;1.6950520022656772723144863780667870036583116173869056547765160008652750502924183e-69;4.7881299198702244624505516123815643728912562593194878823785095833354948346084372e-27,0.000000000000000000031991715218293682214783241759904660126410355638925706631842063755765518452490281;0.0000000000017522065474665281480965378603283491804008225061742395665981799451723934590419129;0.00000000000063686014771011307706351106567923040874273525962799650155649961801316076745676872;0.0000010000000000404063109658121488470723306753292757356113028336257863291184438586051;1.000000000000642790157089965170942576999905103712486057462263524128106918932647;4.1171009245214665368928504454375257546565346577441768550117621921176956750831468e-35;3.2935223280367785782418751263316900165208545099119788089762823088289923819338204e-42;3.0196723497830381345976784576314963729636877354113882891165649291756112874180533e-38;4.1171009245214665368928504454375257546565346577441768550117621921176956750831468e-35;0.000000000000069196314351858135060007685540016987354337190432134911977474075752113041242957938,8.6514693431509837856410821173234316124027270980512711850852636971999714340683723e-128;8.6514693431509837856410821173234316124027270980512711850852636971999714340683723e-128;8.6514693431509837856410821173234316124027270980512711850852636971999714340683723e-128;8.6514693431509837856410821173234316124027270980512711850852636971999714340683723e-128;8.6514693431509837856410821173234316124027270980512711850852636971999714340683723e-128;8.6514693431509837856410821173234316124027270980512711850852636971999714340683723e-128;8.6514693431509837856410821173234316124027270980512711850852636971999714340683723e-128;8.6514693431509837856410821173234316124027270980512711850852636971999714340683723e-128,8.6514693431509837856410821173234316124027270980512711850852636971999714340683723e-128;-8.6514693431509837856410821173234316124027270980512711850852636971999714340683723e-128;-8.6514693431509837856410821173234316124027270980512711850852636971999714340683723e-128;8.6514693431509837856410821173234316124027270980512711850852636971999714340683723e-128,Ha_s,-127.06291012682068,460.0,1e-340,validated_single_precision,True
titi,titi_branch_02,titi__vacant__stage_02,vacant,9.1771395249491222914934243068900579270344520025966117998325147206939802684838772e-28;0.0000000000027529788942652279081820416403366958246029667945989940310810823439088917213243325;0.00000000000036368084772077632502196038255694676089199031342764743952927232562996668320715517;0.89666926602370594313439774462967266625020085415974604948133717226848445695390096;7.0950376427918658523065845311059112948619223564785497704817936635643912637218384e-51;0.00000000000000000000000041111537742909948911594302584551711413671524910491947566665964419780985997977984;0.10333073390645918279985442847249434706469163674866699006662924969674972118725048;0.000000000066713920954820460481602051262880657365761843663170313743240692128508162280370265;0.00000000000000000000000041111537742909948911594302584551711413671524910491947566665964419780985997977984;0.0000000000000042933689405390345581227054427481049289429199597648211190583776579245251087120115,-0.000000014490513279006422302672886364744235793351780571503682215770039277962022929179064;0.7936546093379468979051218930223643456230712296838126662500418447397947343465386;0.2884631337924117340022474524859606128521376509382977276654863789813437109533254;452945.80739784416758949239107066943517480636609593401367623130139615913663749456;-0.000000000000000000040290945025350006822640477580458777870120985757494802717883446151310437596439944;0.00000030669871944032839971170943868210032438135028836292159521279629224818502229198835;153760.52702781822833264917371770636549998668170557863557590190579047861694320684;3.9069543330356997287632246026675257325674855072799044424404592180370771865298477;0.00000030669871944032839971170943868210032438135028836292159521279629224818502229198835;0.031342180471790993127356228204276977998325946164851150059246616847521290947616819,5.0892204436485629370618660040830229595904933682404363791457305785212438763866858e-39;5.0892204436485629370618660040830229595904933682404363791457305785212438763866858e-39;5.0892204436485629370618660040830229595904933682404363791457305785212438763866858e-39;5.0892204436485629370618660040830229595904933682404363791457305785212438763866858e-39;5.0892204436485629370618660040830229595904933682404363791457305785212438763866858e-39;5.0892204436485629370618660040830229595904933682404363791457305785212438763866858e-39;5.0892204436485629370618660040830229595904933682404363791457305785212438763866858e-39;5.0892204436485629370618660040830229595904933682404363791457305785212438763866858e-39,5.0892204436485629370618660040830229595904933682404363791457305785212438763866858e-39;-5.0892204436485629370618660040830229595904933682404363791457305785212438763866858e-39;-5.0892204436485629370618660040830229595904933682404363791457305785212438763866858e-39;5.0892204436485629370618660040830229595904933682404363791457305785212438763866858e-39,H2O_s,-38.29334873690689,360.0,1e-260,validated_single_precision,True
titi,titi_branch_03,titi__water_dominant__stage_02,water_dominant,1.0234698425211303924693087508104661693747500256696464205876214041809289359435313e-27;0.000000000003070227784722766484989934433970937424550581805943507375491850218467896835147618;0.00000000000040559084770676155535469822639005861190089778629324645983298793537769319167126126;0.999999999995540748478673758686210539284368322969589584767660217407477171659065;9.3173964539535617915521902838888151473418727716442120276071627383759546866059939e-40;5.5128158334281601198442269714506047894516687892553372938882701566305358573381856e-26;0.000000000000014148471387041970779687947451930833905629381443126021428717212951056548904390049;0.0000000000009644962875900871475692706894386636864465648925028649623392201941043495332590331;5.5128158334281601198442269714506047894516687892553372938882701566305358573381856e-26;0.0000000000000047881299194728753093583331155574743632053644398603369153604889075201180424048991,0.000000000000031991715216970882158396314786684728266018399042553188010850636202832815564834777;0.0000017522065473940775491933080485125591532328127841192875046534263458291594926685319;0.00000063686014768378005189252818555233919528870831635416684391917812059267001092935734;0.99999999999905810403729005673137758654709585802028775815968421622727206513795354;0.000000000000000000030524410647836525214962173018218120440342461020378019291723423538781912761390209;0.00000000000023479386349396694047924558381441023426403062094550661458923813593975571373050883;0.00000011894734712080975871405643217177264377729977829157091734410674918802610619025311;0.00000098208771888898558244574096250749968559514450393056181713978049249261315811693665;0.00000000000023479386349396694047924558381441023426403062094550661458923813593975571373050883;0.000000069196314348996991535611600575061945621573735520206197738251458392882628287418147,9.1510470625909754437589401713696679082049941846142664074211396849772191668069657e-41;9.1510470625909754437589401713696679082049941846142664074211396849772191668069657e-41;9.1510470625909754437589401713696679082049941846142664074211396849772191668069657e-41;9.1510470625909754437589401713696679082049941846142664074211396849772191668069657e-41;9.1510470625909754437589401713696679082049941846142664074211396849772191668069657e-41;9.1510470625909754437589401713696679082049941846142664074211396849772191668069657e-41;9.1510470625909754437589401713696679082049941846142664074211396849772191668069657e-41;9.1510470625909754437589401713696679082049941846142664074211396849772191668069657e-41,9.1510470625909754437589401713696679082049941846142664074211396849772191668069657e-41;-9.1510470625909754437589401713696679082049941846142664074211396849772191668069657e-41;-9.1510470625909754437589401713696679082049941846142664074211396849772191668069657e-41;9.1510470625909754437589401713696679082049941846142664074211396849772191668069657e-41,H2O_s,-40.03852921112599,360.0,1e-260,validated_single_precision,True
tiv,tiv_branch_01,tiv__Ha_dominant__stage_02,Ha_dominant,4.1228897206268089125699918970393045267864072889600508357431217592157592615991799e-31;0.0000000000011214417829492038505057689190848615915544479245450650828757317051110449458090336;0.0000000000000016955741472295507725450044247939732403867274872017929201917026345657704142057722;0.0000000000000056995947844465942842882326281344869131428983077146431433061459036295991066716866;0.99999999999883186872536942903848292817816744581244006461484869861666098244356894;2.0394983598709698845071775099437262059700402682720329473377927235724826379242691e-49;1.0641158428025410199704715932740965307253698836187630138765153015523228126629593e-51;1.3605466488864021645506485478998655954927814556561442135817069114433138996323084e-46;2.0394983598709698845071775099437262059700402682720329473377927235724826379242691e-49;0.000000000000039294322749690965542180693632083108131329968650176438734886510317231248370165369,0.00000000000000064209732289085281981465671049083443467748668906962466937755672227856864657852859;0.0000010589814837624424422419744000702549919665753950418877397886835170890090659707577;0.000000041177349929704450531037086978265402337813956236160227579739932916224633147426762;0.000000075495660699534921940321594014393670095219472985172489182543943336393053518392279;1.0000000000005307026407431414121910102446531476806533436452081093655472596920069;0.00000000000000000000000045160805571596229229465759308012652043536805609112278452499727089343265579918636;3.2620788506792926772689786006719255809160522013844667315586848347357291150034435e-26;0.000000000000000000000011664247292000609642427353751763836021212557864299813533297567027079263765284598;0.00000000000000000000000045160805571596229229465759308012652043536805609112278452499727089343265579918636;0.00000019822795652929123022145748903185109541501846887479231390554257486583057525278137,2.8874453363298921315110829848597875601439428706248524905770436914967079003446812e-85;2.8874453363298921315110829848597875601439428706248524905770436914967079004716337e-85;2.8874453363298921315110829848597875601439428706248524905770436914967079003446812e-85;2.8874453363298921315110829848597875601439428706248524905770436914967079003446812e-85;2.8874453363298921315110829848597875601439428706248524905770436914967079003446812e-85;2.8874453363298921315110829848597875601439428706248527293099506291190755100433761e-85;2.8874453363298921315110829848597875601439428706248524905770436914967079003446802e-85;2.8874453363298921315110829848597875601439428706248524905770436914967079003446812e-85,2.8874453363298921315110829848597875601439428706248524905770436914967079003446812e-85;-2.8874453363298921315110829848597875601439428706248524905770436914967079003446812e-85;-2.8874453363298921315110829848597875601439428706248524905770436914967079003446812e-85;2.8874453363298921315110829848597875601439428706248524905770436914967079003446812e-85,Ha_s,-84.53948622886777,360.0,1e-260,validated_single_precision,True
