surface,S1,S2,S3,TS1,S4,S5,TS2,S6,S7,TS1_minus_IS,TS1_minus_FS,TS2_minus_IS,TS2_minus_FS,cycle_deltaG,cycle_error,note
tife,-7.380455000,-4.686423500,-34.662030000,-34.502614000,-36.841013000,-8.094780000,-7.921798500,-8.711846000,-7.484804500,0.159416000,2.338399000,0.172981500,0.790047500,-2.089000000,-0.000000000,verified
timn,-7.388237000,-6.311702500,-33.351908000,-33.017608000,-35.502875000,-6.204770000,-6.015055500,-7.500589000,-7.664046000,0.334300000,2.485267000,0.189714500,1.485533500,-2.089000000,-0.000000000,verified
tihf,-7.021531000,-4.696802000,-33.007640000,-32.775798000,-35.419399000,-5.104086000,-4.880121000,-7.369564000,-7.729881000,0.231842000,2.643601000,0.223965000,2.489443000,-2.089000000,-0.000000000,verified
tire,-7.568681000,-6.662708000,-33.385886000,-32.941040000,-35.313318000,-6.394892000,-6.177019000,-7.207727000,-7.767340500,0.444846000,2.372278000,0.217873000,1.030708000,-2.089000000,0.000000000,verified
tinb,-7.239576000,-7.339503500,-33.258834000,-34.366280000,-35.625747000,-5.789188000,-5.761813500,-7.580835000,-7.923877500,-1.107446000,1.259467000,0.027374500,1.819021500,-2.089000000,-0.000000000,verified
timo,-7.037543000,-6.778473000,-33.041557000,-32.903373000,-34.989943000,-5.841733000,-5.854553000,-7.616676000,-7.885157000,0.138184000,2.086570000,-0.012820000,1.762123000,-2.089000000,-0.000000000,TiMo_gas_normalized
tiv,-6.658334000,-5.950924000,-32.754435000,-32.597286000,-34.942029000,-5.425334500,-5.450011500,-6.910664000,-7.564902500,0.157149000,2.344743000,-0.024677000,1.460652500,-2.089000000,0.000000000,verified
tizr,-6.997934000,-4.806700000,-33.006865000,-32.729458000,-35.358885000,-10.202960500,-10.141777500,-7.321842000,-7.735199000,0.277407000,2.629427000,0.061183000,-2.819935500,-2.089000000,0.000000000,verified
tico,-6.955033000,-4.894920000,-34.598087000,-34.041743000,-34.837773000,-6.358765000,-6.132771000,-6.839345000,-6.562752000,0.556344000,0.796030000,0.225994000,0.706574000,-2.089000000,0.000000000,verified
titi,-7.307994000,-5.729775000,-33.331431000,-33.036814000,-35.743120000,-6.763998500,-6.607811500,-8.198049000,-8.566929500,0.294617000,2.706306000,0.156187000,1.590237500,-2.089000000,-0.000000000,verified
tiw,-6.871939000,-6.481344500,-32.800261000,-33.366912000,-35.476045000,-5.975055000,-5.866817000,-7.378142000,-7.877218500,-0.566651000,2.109133000,0.108238000,1.511325000,-2.089000000,0.000000000,verified
tita,-7.416323000,-7.634957500,-33.391759000,-34.566395000,-35.844296000,-5.798156000,-5.782189000,-7.810579000,-7.943637000,-1.174636000,1.277901000,0.015967000,2.028390000,-2.089000000,-0.000000000,verified
ticr,-7.119452000,-6.575597500,-33.146137000,-32.625732000,-35.403996000,-5.965922500,-6.159078000,-7.404774000,-7.812241500,0.520405000,2.778264000,-0.193155500,1.245696000,-2.089000000,0.000000000,verified
ti,-6.522256000,-3.104312000,-32.645084000,-32.451521000,-35.080784000,-7.320963500,-7.043892500,-6.915569000,-7.425621500,0.193563000,2.629263000,0.277071000,-0.128323500,-2.089000000,0.000000000,verified
tini,-7.943978000,-7.974394500,-34.070412000,-33.553242000,-35.991633000,-7.367208000,-7.334100500,-7.941617000,-8.018426000,0.517170000,2.438391000,0.033107500,0.607516500,-2.089000000,0.000000000,verified
