surface,C6H12_ads,O_form,Ha_form,Hb_form,OH_form,OOH_form,NEB_marker_minus_IS,reaction_G,Ea_provisional,downward_marker,E_barrier_fit_eV,E_barrier_LOOCV_eV,fit_residual_eV
tife,-0.1479999999999997,0.669,-1.893,-2.946,-3.776,-2.793,0.159416,-2.178983,0.159416,0,0.34852502536327234,0.37055435553862226,-0.18910902536327234
timn,-0.11899999999999977,0.296,-2.207,-2.262,-4.169,-4.104,0.3343,-2.150967,0.3343,0,0.36592580628667715,0.37007384639076424,-0.03162580628667716
tihf,-0.08800000000000097,0.335,-0.89,0.483,-3.159,-3.806,0.231842,-2.411759,0.231842,0,0.2252093438922546,0.22427051323137687,0.006632656107745383
tire,-0.11899999999999977,-2.45,-1.558,-0.878,-3.748,-5.104,0.444846,-1.927432,0.444846,0,0.17380250164574731,0.11432576337296695,0.2710434983542527
timo,-0.1460000000000008,-3.148,-1.805,-1.234,-5.737,-4.973,0.138184,-1.948386,0.138184,0,0.16952597361236407,0.18057935604483033,-0.03134197361236407
tiv,-0.09600000000000009,-0.465,-1.213,-0.803,-4.81,-4.738,0.157149,-2.187594,0.157149,0,0.2246240944907907,0.23097513662251012,-0.0674750944907907
tizr,-0.18299999999999983,1.738,-0.995,0.291,-3.111,-3.812,0.277407,-2.35202,0.277407,0,0.29886168989995376,0.30410077822831727,-0.02145468989995375
tico,-0.13100000000000023,1.98,-2.121,-2.162,-2.245,-2.773,0.556344,-0.239686,0.556344,0,0.43139623604859345,0.39409058619362064,0.1249477639514065
titi,-0.18599999999999994,0.463,-1.755,-1.509,-3.861,-3.975,0.294617,-2.411689,0.294617,0,0.3244520701762662,0.32736533966719444,-0.029835070176266187
tiw,-4.078000000000003,-3.317,-1.192,-0.22,-5.577,-5.289,-0.566651,-2.675784,0.0,1,0.0957193707846854,0.1384728858420941,-0.0957193707846854
tita,-0.11100000000000065,-1.926,-1.463,0.003,-6.484,-6.172,-1.174636,-2.452537,0.0,1,0.18679363471271998,0.2161981973159297,-0.18679363471271998
ticr,-0.16900000000000048,-1.103,-1.966,-1.289,-4.83,-4.61,0.520405,-2.257859,0.520405,0,0.27774116161309703,0.2520552870479402,0.24266383838690297
ti,-0.0990000000000002,1.922,0.432,-4.475,-2.54,-3.536,0.193563,-2.4357,0.193563,0,0.15268574108479271,0.10655374505376641,0.0408772589152073
tini,-0.15800000000000125,0.512,-3.82,-3.663,-4.061,-4.154,0.51717,-1.921221,0.51717,0,0.5499803503887863,0.5889964701009284,-0.032810350388786325
