surface,E_C,E_O,E_H
tife,-0.148000,0.669000,-1.893000
timn,-0.119000,0.296000,-2.207000
tihf,-0.088000,0.335000,-0.890000
tire,-0.119000,-2.450000,-1.558000
tinb,13.197000,-1.648000,-1.423000
timo,-0.146000,-3.148000,-1.805000
tiv,-0.096000,-0.465000,-1.213000
tizr,-0.183000,1.738000,-0.995000
tico,-0.131000,1.980000,-2.121000
titi,-0.186000,0.463000,-1.755000
tiw,-4.078000,-3.317000,-1.192000
tita,-0.111000,-1.926000,-1.463000
ticr,-0.169000,-1.103000,-1.966000
ti,-0.099000,1.922000,0.432000
tini,-0.158000,0.512000,-3.820000
