surface,R_input,P_input,RP_input,RP_scaled,RP_scaling_error_eV,barrier_input_eV,barrier_scaled_eV,R_scaling_error_eV,P_scaling_error_eV
tife,-34.66203,-36.841013,-34.502614,-34.24086063165663,0.2617533683433706,0.15941600000000022,0.4211693683433708,0.0,0.0
timn,-33.351908,-35.502875,-33.017608,-33.098373554724446,-0.08076555472444369,0.33429999999999893,0.25353444527555524,0.0,0.0
tihf,-33.00764,-35.419399,-32.775798,-32.79815591010716,-0.022357910107160706,0.23184200000000033,0.20948408989283962,0.0,0.0
tire,-33.385886,-35.313318,-32.94104,-33.12800394479499,-0.18696394479498935,0.4448459999999983,0.25788205520500895,0.0,0.0
tinb,-33.258834,-35.625747,-33.258834,-33.01720871496266,0.24162528503733682,0.0,0.24162528503733682,0.0,0.0
timo,-33.041557,-34.989943,-32.903373,-32.82773310535181,0.07563989464819088,0.13818399999999542,0.2138238946481863,0.0,0.0
tiv,-32.754435,-34.942029,-32.597286,-32.57734942008973,0.019936579910265095,0.15714900000000398,0.17708557991026908,0.0,0.0
tizr,-33.006865,-35.358885,-32.729458,-32.79748007420438,-0.06802207420437867,0.27740699999999663,0.20938492579561796,0.0,0.0
tico,-34.598087,-34.837773,-34.041743,-34.185099373422446,-0.14335637342244922,0.5563440000000028,0.4129876265775536,0.0,0.0
titi,-33.331431,-35.74312,-33.036814,-33.080516662103506,-0.04370266210350593,0.29461700000000235,0.2509143378964964,0.0,0.0
tiw,-32.800261,-35.476045,-32.800261,-32.61731181503272,0.18294918496727774,0.0,0.18294918496727774,0.0,0.0
tita,-33.391759,-35.844296,-33.391759,-33.13312547286858,0.2586335271314226,0.0,0.2586335271314226,0.0,0.0
ticr,-33.146137,-35.403996,-32.625732,-32.91893171014249,-0.29319971014248836,0.5204050000000038,0.22720528985751542,0.0,0.0
ti,-32.645084,-35.080784,-32.451521,-32.48199028227691,-0.030469282276911258,0.1935629999999975,0.16309371772308623,0.0,0.0
tini,-34.070412,-35.991633,-33.553242,-33.724942328261626,-0.17170032826162895,0.5171700000000001,0.3454696717383712,0.0,0.0
