surface,OOH_formation_eV,O_formation_eV,C6H12_formation_eV,C6H12_adsorption_eV,Ha_formation_eV,Hb_formation_eV,source
tife,-2.793000,0.669000,-26.179000,-0.148000,-1.893000,-2.946000,original CatMAP energies.txt snapshot
timn,-4.104000,0.296000,-26.150000,-0.119000,-2.207000,-2.262000,original CatMAP energies.txt snapshot
tihf,-3.806000,0.335000,-26.119000,-0.088000,-0.890000,0.483000,original CatMAP energies.txt snapshot
tire,-5.104000,-2.450000,-26.150000,-0.119000,-1.558000,-0.878000,original CatMAP energies.txt snapshot
tinb,-5.916000,-1.648000,-12.834000,13.197000,-1.423000,-0.117000,original CatMAP energies.txt snapshot
timo,-4.973000,-3.148000,-26.177000,-0.146000,-1.805000,-1.234000,original CatMAP energies.txt snapshot
tiv,-4.738000,-0.465000,-26.127000,-0.096000,-1.213000,-0.803000,original CatMAP energies.txt snapshot
tizr,-3.812000,1.738000,-26.214000,-0.183000,-0.995000,0.291000,original CatMAP energies.txt snapshot
tico,-2.773000,1.980000,-26.162000,-0.131000,-2.121000,-2.162000,original CatMAP energies.txt snapshot
titi,-3.975000,0.463000,-26.217000,-0.186000,-1.755000,-1.509000,original CatMAP energies.txt snapshot
tiw,-5.289000,-3.317000,-30.109000,-4.078000,-1.192000,-0.220000,original CatMAP energies.txt snapshot
tita,-6.172000,-1.926000,-26.142000,-0.111000,-1.463000,0.003000,original CatMAP energies.txt snapshot
ticr,-4.610000,-1.103000,-26.200000,-0.169000,-1.966000,-1.289000,original CatMAP energies.txt snapshot
ti,-3.536000,1.922000,-26.130000,-0.099000,0.432000,-4.475000,original CatMAP energies.txt snapshot
tini,-4.154000,0.512000,-26.189000,-0.158000,-3.820000,-3.663000,original CatMAP energies.txt snapshot
