surface,status,run_precision,run_tolerance,temperature_K,pressure_mode,gas_thermo_mode,adsorbate_thermo_mode,gas_effective_activities,kinetic_prefactor_assumption,solver_mode,net_C6H12O,net_C6H12O_high_precision,log10_net_C6H12O,net_C6H12,net_H2O2,net_H2O,theta_OOH,theta_OH,theta_O,theta_vacant,dominant_species,dominant_coverage,cycle_max_relative_error,cycle_max_absolute_error,balance_max_relative_error,balance_max_absolute_error,steady_state_residual_max_abs,steady_state_residual_relative_to_max_rate,coverage_sum_error,cycle_max_rate_abs,quality_status,quality_pass,fit_rate_threshold,step_rate_1,step_rate_2,step_rate_3,step_rate_4,step_rate_5,step_rate_6,step_rate_7,step_rate_8,diagnostic_stage
tife,solved,100,1e-50,333.15,concentration,frozen_gas,frozen_adsorbate,"{'C6H12_g': 1.0, 'H2O2_g': 0.185, 'H2O_g': 0.815, 'C6H12O_g': 1e-20}",CatMAP setup default (no explicit prefactor_list in base file),numbers,3.7695017893694286e-26,3.769501789369428304051037258363129176709e-26,-25.423716046193608,-2.2318154680078263e-56,-2.2318154680078263e-56,2.2318154680078263e-56,9.74650234316803e-39,6.272127932277017e-13,9.341585819163479e-51,7.045470531853076e-16,Hb_s,0.999999999999251,1.0,3.7695017893694286e-26,1.0,3.7695017893694286e-26,5.330883594750721e-26,1.4142143690671876,1.4772765788457177e-126,3.7695017893694286e-26,failed_steady_state_checks,False,0.0,2.2318154680078263e-56,2.189554082859463e-56,2.2318154680078263e-56,2.2370296405347282e-56,3.7695017893694286e-26,2.2318154680078263e-56,4.3003812646404217e-32,2.2318154680078263e-56,legacy_numbers
titi,solved,100,1e-50,333.15,concentration,frozen_gas,frozen_adsorbate,"{'C6H12_g': 1.0, 'H2O2_g': 0.185, 'H2O_g': 0.815, 'C6H12O_g': 1e-20}",CatMAP setup default (no explicit prefactor_list in base file),numbers,3.135700288349764e-26,3.135700288349763994662499203162818987437e-26,-25.50366545406674,-4.463791622791029e-29,9.00967134029043e-29,1.3423932106449247e-29,0.9999999972989778,2.70091385397218e-09,1.08240171620935e-13,3.140742239735094e-31,OOH_s,0.9999999972989778,1.0,3.135700288349764e-26,1.0028732565334018,3.1447099596900543e-26,4.4387270572025304e-26,1.4155456992155697,1.4772765788457177e-126,3.135700288349764e-26,failed_steady_state_checks,False,0.0,-9.00967134029043e-29,-1.621384673209755e-57,4.463791622791029e-29,4.082281664005108e-61,3.135700288349764e-26,1.5066100892186037e-66,4.379220338318504e-66,1.3423932106449247e-29,legacy_numbers
tiw,solved,100,1e-50,333.15,concentration,frozen_gas,frozen_adsorbate,"{'C6H12_g': 1.0, 'H2O2_g': 0.185, 'H2O_g': 0.815, 'C6H12O_g': 1e-20}",CatMAP setup default (no explicit prefactor_list in base file),numbers,5.261566587998603e-58,5.261566587998602634748904521356149706091e-58,-57.278884928996966,1.867754023458858e-123,-2.490338697945144e-122,2.0969039635075692e-26,2.444395129182889e-61,3.15116686816878e-32,5.3118042108887316e-37,2.034995895205598e-62,C6H12_s,1.0,1.0,2.0969039635075692e-26,1.0,2.0969039635075692e-26,2.965470024186302e-26,1.4142135623730951,2.2159148682685766e-126,2.0969039635075692e-26,failed_steady_state_checks,False,0.0,2.490338697945144e-122,2.67711404637057e-122,-1.867754023458858e-123,6.916083540335508e-167,5.261566587998603e-58,6.848431419349147e-123,1.4524033093802567e-104,2.0969039635075692e-26,legacy_numbers
tife,solved,180,1e-120,333.15,concentration,frozen_gas,frozen_adsorbate,"{'C6H12_g': 1.0, 'H2O2_g': 0.185, 'H2O_g': 0.815, 'C6H12O_g': 1e-20}",CatMAP setup default (no explicit prefactor_list in base file),numbers,2.256379371700658e-56,2.256379371700657784208616138861214692299e-56,-55.64658787934087,-2.256379371700658e-56,-2.256379371700658e-56,2.256379371700658e-56,9.830807082243067e-39,6.272127932277017e-13,9.341585819163479e-51,7.045470531853076e-16,Hb_s,0.999999999999251,4.261911866723117e-06,9.616531004887892e-62,6.69429113181061e-117,1.5104860417976108e-172,1.9233062009775784e-61,8.523823733446235e-06,0.0,2.2563889882316627e-56,validated_single_precision,True,0.0,2.256379371700658e-56,2.256379371700658e-56,2.256379371700658e-56,2.256379371700658e-56,2.256379371700658e-56,2.256379371700658e-56,2.2563889882316627e-56,2.256379371700658e-56,strict_numbers
titi,solved,180,1e-120,333.15,concentration,frozen_gas,frozen_adsorbate,"{'C6H12_g': 1.0, 'H2O2_g': 0.185, 'H2O_g': 0.815, 'C6H12O_g': 1e-20}",CatMAP setup default (no explicit prefactor_list in base file),numbers,3.968838123915706e-61,3.968838123915706002469875684848054478682e-61,-60.40133661420038,-2.46474846182813e-68,4.974823077960009e-68,7.412222345368353e-69,0.9999999972989779,2.7009138539724968e-09,1.0824017162093501e-13,1.0084369301557602e-44,OOH_s,0.9999999972989779,1.0,3.968838123915706e-61,1.0000001253470896,3.968838621398014e-61,5.61278493160642e-61,1.4142136202997302,4.983597475548784e-206,3.968838123915706e-61,failed_steady_state_checks,False,0.0,-4.974823077960009e-68,-4.9962772415312665e-90,2.46474846182813e-68,4.208582634975333e-88,3.968838123915706e-61,7.374233910785113e-104,1.3494514198216392e-98,7.412222345368353e-69,strict_numbers
tiw,solved,180,1e-120,333.15,concentration,frozen_gas,frozen_adsorbate,"{'C6H12_g': 1.0, 'H2O2_g': 0.185, 'H2O_g': 0.815, 'C6H12O_g': 1e-20}",CatMAP setup default (no explicit prefactor_list in base file),numbers,1.2253498705529438e-137,1.225349870552943658628679417501118433155e-137,-136.91173989076395,-1.2253498705529438e-137,-1.2253498705529438e-137,5.766912029157859e-67,4.330831498057367e-32,6.17272446434632e-34,5.3118042108887316e-37,2.034995895205598e-62,C6H12_s,1.0,1.0,5.766912029157859e-67,1.0,5.766912029157859e-67,8.15564520464759e-67,1.4142135623730951,2.491798737774392e-206,5.766912029157859e-67,failed_steady_state_checks,False,0.0,1.2253498705529438e-137,3.030961908078162e-137,1.2253498705529438e-137,1.225349870552944e-137,1.2253498705529438e-137,1.2253498705274331e-137,6.99500067987654e-136,5.766912029157859e-67,strict_numbers
tife,solved,260,1e-180,333.15,concentration,frozen_gas,frozen_adsorbate,"{'C6H12_g': 1.0, 'H2O2_g': 0.185, 'H2O_g': 0.815, 'C6H12O_g': 1e-20}",CatMAP setup default (no explicit prefactor_list in base file),numbers,2.256379371700658e-56,2.256379371700657784208616138861214692299e-56,-55.64658787934087,-2.256379371700658e-56,-2.256379371700658e-56,2.256379371700658e-56,9.830807082243067e-39,6.272127932277017e-13,9.341585819163479e-51,7.045470531853076e-16,Hb_s,0.999999999999251,4.968260425071425e-50,1.1210280336367904e-105,7.803738634701654e-161,1.7608194877484267e-216,2.242056067273581e-105,9.93652085014285e-50,5.253807105661922e-286,2.256379371700658e-56,validated_single_precision,True,0.0,2.256379371700658e-56,2.256379371700658e-56,2.256379371700658e-56,2.256379371700658e-56,2.256379371700658e-56,2.256379371700658e-56,2.256379371700658e-56,2.256379371700658e-56,refined_numbers
titi,solved,260,1e-180,333.15,concentration,frozen_gas,frozen_adsorbate,"{'C6H12_g': 1.0, 'H2O2_g': 0.185, 'H2O_g': 0.815, 'C6H12O_g': 1e-20}",CatMAP setup default (no explicit prefactor_list in base file),numbers,6.190354788985739e-91,6.190354788985738931079783483424536838433e-91,-90.20828445946402,-3.844366276381259e-98,7.759429559674998e-98,1.1561138208983173e-98,0.9999999972989779,2.7009138539724968e-09,1.0824017162093501e-13,5.736834744975987e-55,OOH_s,0.9999999972989779,1.0,6.190354788985739e-91,1.0000001253470896,6.190355564928695e-91,8.754484057071293e-91,1.4142136202997302,3.152284263397153e-286,6.190354788985739e-91,failed_steady_state_checks,False,0.0,-7.759429559674998e-98,-1.0331150574848336e-114,3.844366276381259e-98,1.3620186524376307e-108,6.190354788985739e-91,1.150188621801245e-133,2.7895192604269448e-123,1.1561138208983173e-98,refined_numbers
tiw,solved,260,1e-180,333.15,concentration,frozen_gas,frozen_adsorbate,"{'C6H12_g': 1.0, 'H2O2_g': 0.185, 'H2O_g': 0.815, 'C6H12O_g': 1e-20}",CatMAP setup default (no explicit prefactor_list in base file),numbers,1.225349870552975e-137,1.225349870552975109149936162064160132845e-137,-136.91173989076393,-1.225349870552975e-137,-1.225349870552975e-137,1.1324753100087133e-120,4.330831498057477e-32,6.1727244643353545e-34,5.3118042108887316e-37,2.034995895205598e-62,C6H12_s,1.0,1.0,1.1324753100087133e-120,1.0,1.1324753100087133e-120,1.6015619424669977e-120,1.414213562373095,2.1015228422647686e-286,1.1324753100087133e-120,failed_steady_state_checks,False,0.0,1.225349870552975e-137,1.225349870552975e-137,1.225349870552975e-137,1.225349870552975e-137,1.225349870552975e-137,1.225349870552975e-137,1.225349870552975e-137,1.1324753100087133e-120,refined_numbers
tife,solved,360,1e-260,333.15,concentration,frozen_gas,frozen_adsorbate,"{'C6H12_g': 1.0, 'H2O2_g': 0.185, 'H2O_g': 0.815, 'C6H12O_g': 1e-20}",CatMAP setup default (no explicit prefactor_list in base file),numbers,2.256379371700658e-56,2.256379371700657784208616138861214692299e-56,-55.64658787934087,-2.256379371700658e-56,-2.256379371700658e-56,2.256379371700658e-56,9.830807082243067e-39,6.272127932277017e-13,9.341585819163479e-51,7.045470531853076e-16,Hb_s,0.999999999999251,1.3132126830774554e-108,2.9631060087516436e-164,2.0626874748347013e-219,4.65420546848234e-275,5.926212017503287e-164,2.626425366154911e-108,0.0,2.256379371700658e-56,validated_single_precision,True,0.0,2.256379371700658e-56,2.256379371700658e-56,2.256379371700658e-56,2.256379371700658e-56,2.256379371700658e-56,2.256379371700658e-56,2.256379371700658e-56,2.256379371700658e-56,deep_numbers
titi,solved,360,1e-260,333.15,concentration,frozen_gas,frozen_adsorbate,"{'C6H12_g': 1.0, 'H2O2_g': 0.185, 'H2O_g': 0.815, 'C6H12O_g': 1e-20}",CatMAP setup default (no explicit prefactor_list in base file),numbers,6.408929644484192e-131,6.408929644484191987562594291075492345685e-131,-130.19321449595844,-3.980106768160218e-138,8.033406779490256e-138,1.1969349725053671e-138,0.9999999972989779,2.7009138539724968e-09,1.0824017162093501e-13,1.0361229965228498e-68,OOH_s,0.9999999972989779,0.9999930677295549,6.408885216050632e-131,1.0000001253470896,6.40893044782487e-131,9.06353276391257e-131,1.4142038166565063,0.0,6.408929644484192e-131,failed_steady_state_checks,False,0.0,-8.033406779490256e-138,2.88439972551596e-146,3.980106768160218e-138,4.442843355952084e-136,6.408929644484192e-131,1.2543120974658331e-173,-3.5044755332540636e-154,1.1969349725053671e-138,deep_numbers
tiw,solved,360,1e-260,333.15,concentration,frozen_gas,frozen_adsorbate,"{'C6H12_g': 1.0, 'H2O2_g': 0.185, 'H2O_g': 0.815, 'C6H12O_g': 1e-20}",CatMAP setup default (no explicit prefactor_list in base file),numbers,1.225349870552975e-137,1.225349870552975109149936162064160132845e-137,-136.91173989076393,-1.225349870552975e-137,-1.225349870552975e-137,1.225349870552975e-137,4.330831498057477e-32,6.1727244643353545e-34,5.3118042108887316e-37,2.034995895205598e-62,C6H12_s,1.0,2.272737027789488e-55,2.7848980228028026e-192,2.272737027789488e-55,2.7848980228028026e-192,3.938440553673741e-192,3.2141355284074118e-55,0.0,1.225349870552975e-137,validated_single_precision,True,0.0,1.225349870552975e-137,1.225349870552975e-137,1.225349870552975e-137,1.225349870552975e-137,1.225349870552975e-137,1.225349870552975e-137,1.225349870552975e-137,1.225349870552975e-137,deep_numbers
