surface,status,run_precision,run_tolerance,temperature_K,pressure_mode,gas_thermo_mode,adsorbate_thermo_mode,gas_effective_activities,kinetic_prefactor_assumption,solver_mode,net_C6H12O,net_C6H12O_high_precision,log10_net_C6H12O,net_C6H12,net_H2O2,net_H2O,theta_OOH,theta_OH,theta_O,theta_vacant,dominant_species,dominant_coverage,cycle_max_relative_error,cycle_max_absolute_error,balance_max_relative_error,balance_max_absolute_error,steady_state_residual_max_abs,steady_state_residual_relative_to_max_rate,coverage_sum_error,cycle_max_rate_abs,quality_status,quality_pass,fit_rate_threshold,step_rate_1,step_rate_2,step_rate_3,step_rate_4,step_rate_5,step_rate_6,step_rate_7,step_rate_8,recovery_stage,recovery_bridge_temperature,recovery_seed_origin,refinement_stable,refinement_delta_log10_TOF
timn,solved,460,1e-340,333.15,concentration,frozen_gas,frozen_adsorbate,"{'C6H12_g': 1.0, 'H2O2_g': 0.185, 'H2O_g': 0.815, 'C6H12O_g': 1e-20}",CatMAP setup default (no explicit prefactor_list in base file),numbers,1.55214988252546e-238,1.552149882525460169445814338326926058698e-238,-237.80906634363788,-1.5521498816854505e-238,-1.5521498816854505e-238,1.5521498816854505e-238,1.2421090015754895e-11,0.9999190168375792,7.318996543100192e-115,1.278303184325773e-85,OH_s,0.9999190168375792,0.9920544051706404,2.8448357339831843e-171,5.411911198934116e-10,8.400097331663811e-248,5.735530196466351e-171,2.0001007191465856,0.0,2.8676206860790587e-171,unresolved_after_continuation,False,0.0,1.5521498816854505e-238,2.8676206860790587e-171,1.5521498816854505e-238,2.278495209587437e-173,1.55214988252546e-238,3.644482649890707e-219,-1.7203136647582424e-176,1.5521498816854505e-238,3,550.0,H:\catmap\catmap\lyq_alkene_epoxidation\2-creating_microkinetic_model\analysis_ooh\recovery\target\stage_02\timn\baseline_timn.pkl,False,58.159897776130805
tihf,solved,460,1e-340,333.15,concentration,frozen_gas,frozen_adsorbate,"{'C6H12_g': 1.0, 'H2O2_g': 0.185, 'H2O_g': 0.815, 'C6H12O_g': 1e-20}",CatMAP setup default (no explicit prefactor_list in base file),numbers,4.3218185543503994e-228,4.321818554350399197354295985166021100476e-228,-227.36433347033073,-4.3218185543503994e-228,-4.3218185543503994e-228,4.3218185543503994e-228,7.295818288585951e-13,0.9999999773482546,2.2651015774494446e-08,1.5136373754417485e-74,OH_s,0.9999999773482546,1.0,1.9094411302488392e-171,1.6894396513629722e-64,7.301451631715763e-292,3.8040204954169794e-171,1.9922166937512433,0.0,1.9094411302488392e-171,unresolved_after_continuation,False,0.0,4.3218185543503994e-228,1.4949896304820084e-173,4.3218185543503994e-228,1.497979690470795e-188,4.3218185543503994e-228,-2.141664773298936e-207,1.9094411302488392e-171,4.3218185543503994e-228,3,550.0,H:\catmap\catmap\lyq_alkene_epoxidation\2-creating_microkinetic_model\analysis_ooh\recovery\target\stage_02\tihf\baseline_tihf.pkl,False,48.70891477172958
tire,solved,460,1e-340,333.15,concentration,frozen_gas,frozen_adsorbate,"{'C6H12_g': 1.0, 'H2O2_g': 0.185, 'H2O_g': 0.815, 'C6H12O_g': 1e-20}",CatMAP setup default (no explicit prefactor_list in base file),numbers,1.333903247247302e-241,1.333903247247301899983190260530139399993e-241,-240.87487567020244,-1.333903247247302e-241,-1.333903247247302e-241,1.333903247247302e-241,1.6834478146463896e-14,1.6886091995422037e-10,0.9999999998311222,3.5507703370359723e-88,O_s,0.9999999998311222,0.999999999962513,4.516371285051048e-171,5.0109196815931054e-18,6.68408203497246e-259,9.032742570440707e-171,2.0,0.0,4.516371285220353e-171,unresolved_after_continuation,False,0.0,1.333903247247302e-241,4.516371285220353e-171,1.333903247247302e-241,1.6930537682839114e-181,1.333903247247302e-241,1.0496124574252758e-188,6.188243291147893e-192,1.333903247247302e-241,3,550.0,H:\catmap\catmap\lyq_alkene_epoxidation\2-creating_microkinetic_model\analysis_ooh\recovery\target\stage_02\tire\baseline_tire.pkl,False,58.15989823490099
timo,solved,460,1e-340,333.15,concentration,frozen_gas,frozen_adsorbate,"{'C6H12_g': 1.0, 'H2O2_g': 0.185, 'H2O_g': 0.815, 'C6H12O_g': 1e-20}",CatMAP setup default (no explicit prefactor_list in base file),numbers,3.964511093256155e-217,3.964511093256154842003756671537698490816e-217,-216.40181036259423,4.2670751581151767e-209,-3.301018494259026e-206,2.215173066139314e-181,1.1793485842428778e-23,0.9999999998257595,1.7424046534108406e-10,9.700895535213074e-92,OH_s,0.9999999998257595,1.0,4.388325210149682e-171,1.0,2.215173066139314e-181,8.776669432073732e-171,2.000004332353109,0.0,4.388325210149682e-171,unresolved_after_continuation,False,0.0,3.301018494259026e-206,1.9011712595718315e-176,-4.2670751581151767e-209,1.0074848864662094e-192,3.964511093256155e-217,1.5230114228363587e-191,-4.388325210149682e-171,2.215173066139314e-181,3,550.0,H:\catmap\catmap\lyq_alkene_epoxidation\2-creating_microkinetic_model\analysis_ooh\recovery\target\stage_02\timo\baseline_timo.pkl,False,50.16291222760208
tiv,solved,460,1e-340,333.15,concentration,frozen_gas,frozen_adsorbate,"{'C6H12_g': 1.0, 'H2O2_g': 0.185, 'H2O_g': 0.815, 'C6H12O_g': 1e-20}",CatMAP setup default (no explicit prefactor_list in base file),numbers,1.2541055369727801e-211,1.254105536972780132087719917184123801513e-211,-210.9016659147044,1.5768183097478555e-212,2.1104348963907053e-205,1.0240737215466417e-188,2.2665300308071013e-18,1.0,2.3336605178905287e-100,7.58226897511483e-83,OH_s,1.0,1.0,3.5165698203388133e-171,1.0,1.0240737215466417e-188,7.033167134222592e-171,2.000007818284968,0.0,3.5165698203388133e-171,unresolved_after_continuation,False,0.0,-2.1104348963907053e-205,3.5165698203388133e-171,-1.5768183097478555e-212,1.7910205509866732e-194,1.2541055369727801e-211,2.749411275828284e-187,-2.7493383753463218e-176,1.0240737215466417e-188,3,550.0,H:\catmap\catmap\lyq_alkene_epoxidation\2-creating_microkinetic_model\analysis_ooh\recovery\target\stage_02\tiv\baseline_tiv.pkl,False,57.43289950696473
tizr,solved,460,1e-340,333.15,concentration,frozen_gas,frozen_adsorbate,"{'C6H12_g': 1.0, 'H2O2_g': 0.185, 'H2O_g': 0.815, 'C6H12O_g': 1e-20}",CatMAP setup default (no explicit prefactor_list in base file),numbers,8.106288372792297e-257,8.106288372792297978596233620894795831176e-257,-256.0911779507442,-8.106288372792297e-257,-8.106288372792297e-257,8.106288372792297e-257,4.096134770176248e-13,0.9999999999995904,2.6043029237645325e-125,2.913133969044635e-74,OH_s,0.9999999999995904,1.0,2.545743033289643e-171,6.07871133004552e-66,4.94e-322,5.091486066575883e-171,1.999999999998663,0.0,2.545743033289643e-171,unresolved_after_continuation,False,0.0,8.106288372792297e-257,2.545743033289643e-171,8.106288372792297e-257,3.50892903907779e-204,8.106288372792297e-257,-3.1984298721842135e-235,3.4034335738255835e-183,8.106288372792297e-257,3,550.0,H:\catmap\catmap\lyq_alkene_epoxidation\2-creating_microkinetic_model\analysis_ooh\recovery\target\stage_02\tizr\baseline_tizr.pkl,False,58.159898234900965
titi,solved,460,1e-340,333.15,concentration,frozen_gas,frozen_adsorbate,"{'C6H12_g': 1.0, 'H2O2_g': 0.185, 'H2O_g': 0.815, 'C6H12O_g': 1e-20}",CatMAP setup default (no explicit prefactor_list in base file),numbers,1.548373823336371e-182,1.548373823336370955512887278365019643733e-182,-181.81012417943307,-9.615791521766962e-190,1.9408415226216377e-189,2.891750857739847e-190,0.9999999972989779,2.7009138539724968e-09,1.0824017162093501e-13,1.8797959712895203e-86,OOH_s,0.9999999972989779,1.0,1.4623785375820262e-171,1.0000001253470896,1.5483740174205233e-182,3.582081227860795e-171,2.449489742774533,0.0,1.4623785375820262e-171,unresolved_after_continuation,False,0.0,-1.9408415226216377e-189,9.756100634600941e-182,9.615791521766962e-190,1.4623785375820262e-171,1.548373823336371e-182,1.1391825003328726e-217,-1.1605874002597078e-189,2.891750857739847e-190,3,550.0,H:\catmap\catmap\lyq_alkene_epoxidation\2-creating_microkinetic_model\analysis_ooh\recovery\target\stage_02\titi\baseline_titi.pkl,False,51.61690968347463
tita,solved,460,1e-340,333.15,concentration,frozen_gas,frozen_adsorbate,"{'C6H12_g': 1.0, 'H2O2_g': 0.185, 'H2O_g': 0.815, 'C6H12O_g': 1e-20}",CatMAP setup default (no explicit prefactor_list in base file),numbers,7.074185627576028e-207,7.074185627576027249048293288471309872975e-207,-206.1503235484265,3.44696991098976e-214,-2.6401849742161606e-211,3.952150394298228e-171,3.3273614480125986e-30,1.0,2.858614329927296e-40,8.279177549123295e-106,OH_s,1.0,1.0,3.952150394298228e-171,1.0,3.952150394298228e-171,5.58918468815473e-171,1.4142135623730951,0.0,3.952150394298228e-171,unresolved_after_continuation,False,0.0,2.6401849742161606e-211,1.2765589124598057e-193,-3.44696991098976e-214,1.1804765387629429e-262,7.074185627576028e-207,2.3170569086980674e-257,8.906919461828324e-184,3.952150394298228e-171,3,550.0,H:\catmap\catmap\lyq_alkene_epoxidation\2-creating_microkinetic_model\analysis_ooh\recovery\target\stage_02\tita\baseline_tita.pkl,False,39.98493003649443
ticr,solved,460,1e-340,333.15,concentration,frozen_gas,frozen_adsorbate,"{'C6H12_g': 1.0, 'H2O2_g': 0.185, 'H2O_g': 0.815, 'C6H12O_g': 1e-20}",CatMAP setup default (no explicit prefactor_list in base file),numbers,3.676324903368242e-227,3.676324903368241925175884945715805062365e-227,-226.4345861138516,-2.00344228120814e-244,-2.00344228120814e-244,2.00344228120814e-244,1.2486144941097852e-16,0.9999999999999999,9.606230370274393e-28,1.5449968107289567e-87,OH_s,0.9999999999999999,0.9999999999990811,4.1135990153416895e-171,1.0,3.676324903368242e-227,8.232884494929389e-171,2.001382357448365,0.0,4.11359901534547e-171,unresolved_after_continuation,False,0.0,2.00344228120814e-244,4.11359901534547e-171,2.00344228120814e-244,3.7803156899491135e-183,3.676324903368242e-227,2.213586952661367e-181,-5.680585050356293e-174,2.00344228120814e-244,3,550.0,H:\catmap\catmap\lyq_alkene_epoxidation\2-creating_microkinetic_model\analysis_ooh\recovery\target\stage_02\ticr\baseline_ticr.pkl,False,58.15989823490099
