surface,G_slab,G_IS,G_path_marker,G_FS,marker_minus_IS,FS_minus_IS,effective_barrier,full_NEB_status,kinetic_TS_status
tife,-869.897259,-984.519289,-984.359873,-986.698272,0.159416000,-2.178983000,0.159416000,UNVERIFIED_FULL_NEB,NEB_MARKER_CANDIDATE
timn,-871.917336,-985.229244,-984.894944,-987.380211,0.334300000,-2.150967000,0.334300000,UNVERIFIED_FULL_NEB,NEB_MARKER_CANDIDATE
tihf,-878.438824,-991.406464,-991.174622,-993.818223,0.231842000,-2.411759000,0.231842000,UNVERIFIED_FULL_NEB,NEB_MARKER_CANDIDATE
tire,-873.380798,-986.726684,-986.281838,-988.654116,0.444846000,-1.927432000,0.444846000,UNVERIFIED_FULL_NEB,NEB_MARKER_CANDIDATE
tinb,-875.789592,-989.008426,-990.115872,-991.375339,-1.107446000,-2.366913000,0.000000000,UNVERIFIED_FULL_NEB,EFFECTIVE_TS_CLAMPED
timo,-873.920517,-986.922074,-986.78389,-988.87046,0.138184000,-1.948386000,0.138184000,UNVERIFIED_FULL_NEB,NEB_MARKER_CANDIDATE
tiv,-874.900549,-987.614984,-987.457835,-989.802578,0.157149000,-2.187594000,0.157149000,UNVERIFIED_FULL_NEB,NEB_MARKER_CANDIDATE
tizr,-876.648331,-989.615196,-989.337789,-991.967216,0.277407000,-2.352020000,0.277407000,UNVERIFIED_FULL_NEB,NEB_MARKER_CANDIDATE
tico,-867.638499,-982.196586,-981.640242,-982.436272,0.556344000,-0.239686000,0.556344000,UNVERIFIED_FULL_NEB,NEB_MARKER_CANDIDATE
titi,-873.864076,-987.155507,-986.86089,-989.567196,0.294617000,-2.411689000,0.294617000,UNVERIFIED_FULL_NEB,NEB_MARKER_CANDIDATE
tiw,-876.240081,-989.000342,-989.566993,-991.676126,-0.566651000,-2.675784000,0.000000000,UNVERIFIED_FULL_NEB,EFFECTIVE_TS_CLAMPED
tita,-877.574536,-990.926295,-992.100931,-993.378832,-1.174636000,-2.452537000,0.000000000,UNVERIFIED_FULL_NEB,EFFECTIVE_TS_CLAMPED
ticr,-872.273897,-985.380034,-984.859629,-987.637893,0.520405000,-2.257859000,0.520405000,UNVERIFIED_FULL_NEB,NEB_MARKER_CANDIDATE
ti,-873.630641,-986.235725,-986.042162,-988.671425,0.193563000,-2.435700000,0.193563000,UNVERIFIED_FULL_NEB,NEB_MARKER_CANDIDATE
tini,-863.25438,-977.284792,-976.767622,-979.206013,0.517170000,-1.921221000,0.517170000,UNVERIFIED_FULL_NEB,NEB_MARKER_CANDIDATE
