surface,G_IS_eV,deltaG_marker_eV,deltaG_FS_eV,notes
tife,-984.519,0.159,-2.179,three-point Excel summary
timn,-985.229,0.334,-2.151,three-point Excel summary
tihf,-991.406,0.232,-2.412,three-point Excel summary
tire,-986.727,0.445,-1.927,three-point Excel summary
tinb,-989.008,-1.107,-2.367,descending three-point sequence
timo,-986.922,0.138,-1.948,verify FS combined total
tiv,-987.615,0.157,-2.188,three-point Excel summary
tizr,-989.615,0.277,-2.352,three-point Excel summary
tico,-982.197,0.556,-0.240,three-point Excel summary
titi,-987.156,0.295,-2.412,three-point Excel summary
tiw,-989.000342,-0.566651,-2.675784,verified workbook values
tita,-990.926,-1.175,-2.453,descending three-point sequence
ticr,-985.380,0.520,-2.258,three-point Excel summary
ti,-986.236,0.194,-2.436,three-point Excel summary
tini,-977.285,0.517,-1.921,three-point Excel summary
