surface,status,run_precision,run_tolerance,temperature_K,pressure_mode,gas_thermo_mode,adsorbate_thermo_mode,gas_effective_activities,kinetic_prefactor_assumption,initial_seed_temperature_K,initial_seed_source,solver_mode,net_C6H12O,net_C6H12O_high_precision,log10_net_C6H12O,net_C6H12,net_H2O2,net_H2O,theta_OOH,theta_OH,theta_O,theta_vacant,dominant_species,dominant_coverage,cycle_max_relative_error,cycle_max_absolute_error,balance_max_relative_error,balance_max_absolute_error,steady_state_residual_max_abs,steady_state_residual_relative_to_max_rate,coverage_sum_error,cycle_max_rate_abs,quality_status,quality_pass,fit_rate_threshold,step_rate_1,step_rate_2,step_rate_3,step_rate_4,step_rate_5,step_rate_6,step_rate_7,step_rate_8,seed_id,dominant_initial_species,initial_temperature_K,refinement_stage,refinement_stable,refinement_delta_log10_TOF,independent_seed_validated_count,independent_seed_delta_log10_TOF,independent_seed_agreement,initial_seed_count,initial_seed_validated_count,attempted_initial_states
timn,not independently validated,360.0,1e-260,333.15,concentration,frozen_gas,frozen_adsorbate,"{'C6H12_g': 1.0, 'H2O2_g': 0.185, 'H2O_g': 0.815, 'C6H12O_g': 1e-20}",CatMAP setup default (no explicit prefactor_list in base file),,H:\catmap\catmap\lyq_alkene_epoxidation\2-creating_microkinetic_model\analysis_ooh\recovery_single_temperature\seeds\timn\Ha_dominant.pkl,numbers,3.9467943527949515e-61,3.946794352794951501322589036255117401584e-61,-60.40375550187231,-3.9467943527949515e-61,-3.9467943527949515e-61,3.9467943527949515e-61,9.427691675012336e-42,5.655764339539419e-47,6.49167224085872e-36,1.931119854784076e-14,Ha_s,0.9999999999986661,4.1651141476500306e-108,1.6438848996691497e-168,6.969724095928885e-193,2.7508067702351024e-253,3.2877697993382825e-168,8.330228295300017e-108,0.0,3.9467943527949515e-61,insufficient_independent_valid_roots,False,0.0,3.9467943527949515e-61,3.9467943527949515e-61,3.9467943527949515e-61,3.9467943527949515e-61,3.9467943527949515e-61,3.9467943527949515e-61,3.9467943527949515e-61,3.9467943527949515e-61,Ha_dominant,Ha_s,333.15,2.0,False,0.0,1,0.0,False,8,1,vacant;OOH_dominant;OH_dominant;O_dominant;alkene_dominant;water_dominant;Ha_dominant;Hb_dominant
tihf,not independently validated,460.0,1e-340,333.15,concentration,frozen_gas,frozen_adsorbate,"{'C6H12_g': 1.0, 'H2O2_g': 0.185, 'H2O_g': 0.815, 'C6H12O_g': 1e-20}",CatMAP setup default (no explicit prefactor_list in base file),,H:\catmap\catmap\lyq_alkene_epoxidation\2-creating_microkinetic_model\analysis_ooh\recovery_single_temperature\seeds\tihf\Ha_dominant.pkl,numbers,7.663322159310392e-121,7.663322159310391898558256738114187528183e-121,-120.11558291670224,-7.663322159310392e-121,-7.663322159310392e-121,7.663322159310392e-121,8.965575010756919e-66,9.21334003181324e-82,1.642509047507609e-65,3.088341747682981e-14,Ha_s,0.9999999999978297,1.8096866080775578e-79,1.3868211485088008e-199,8.892366086680084e-284,0.0,2.7736422970176016e-199,3.6193732161551157e-79,0.0,7.663322159310392e-121,insufficient_independent_valid_roots,False,0.0,7.663322159310392e-121,7.663322159310392e-121,7.663322159310392e-121,7.663322159310392e-121,7.663322159310392e-121,7.663322159310392e-121,7.663322159310392e-121,7.663322159310392e-121,Ha_dominant,Ha_s,333.15,3.0,False,0.0,1,0.0,False,8,1,vacant;OOH_dominant;OH_dominant;O_dominant;alkene_dominant;water_dominant;Ha_dominant;Hb_dominant
tire,not independently validated,360.0,1e-260,333.15,concentration,frozen_gas,frozen_adsorbate,"{'C6H12_g': 1.0, 'H2O2_g': 0.185, 'H2O_g': 0.815, 'C6H12O_g': 1e-20}",CatMAP setup default (no explicit prefactor_list in base file),,H:\catmap\catmap\lyq_alkene_epoxidation\2-creating_microkinetic_model\analysis_ooh\recovery_single_temperature\seeds\tire\O_dominant.pkl,numbers,1.8629433688108723e-33,1.862943368810872314301168232128475528826e-33,-32.729800346921664,-1.8629433688108723e-33,-1.8629433688108723e-33,1.8629433688108723e-33,9.375311325356188e-13,1.9572795221596542e-21,0.9999999999978677,4.991074061404934e-15,O_s,0.9999999999978677,1.3121897552470659e-136,2.444535203159083e-169,1.5652558349575566e-206,2.9159829782267053e-239,4.889070406318166e-169,2.6243795104941317e-136,0.0,1.8629433688108723e-33,different_valid_steady_state_branches,False,0.0,1.8629433688108723e-33,1.8629433688108723e-33,1.8629433688108723e-33,1.8629433688108723e-33,1.8629433688108723e-33,1.8629433688108723e-33,1.8629433688108723e-33,1.8629433688108723e-33,O_dominant,O_s,333.15,2.0,False,0.0,3,23.976445392648344,False,8,3,vacant;OOH_dominant;OH_dominant;O_dominant;alkene_dominant;water_dominant;Ha_dominant;Hb_dominant
timo,not independently validated,360.0,1e-260,333.15,concentration,frozen_gas,frozen_adsorbate,"{'C6H12_g': 1.0, 'H2O2_g': 0.185, 'H2O_g': 0.815, 'C6H12O_g': 1e-20}",CatMAP setup default (no explicit prefactor_list in base file),,H:\catmap\catmap\lyq_alkene_epoxidation\2-creating_microkinetic_model\analysis_ooh\recovery_single_temperature\seeds\timo\O_dominant.pkl,numbers,2.0035678849418726e-37,2.003567884941872376738754862000648528668e-37,-36.69819593820448,-2.0035678849418726e-37,-2.0035678849418726e-37,2.0035678849418726e-37,4.059068882426465e-18,9.369231857409015e-13,0.9999999999979217,7.373988791848493e-17,O_s,0.9999999999979217,6.218342310448726e-126,1.245887095079031e-162,7.193416085323786e-213,1.441249745157902e-249,2.491774190158062e-162,1.243668462089745e-125,0.0,2.0035678849418726e-37,different_valid_steady_state_branches,False,0.0,2.0035678849418726e-37,2.0035678849418726e-37,2.0035678849418726e-37,2.0035678849418726e-37,2.0035678849418726e-37,2.0035678849418726e-37,2.0035678849418726e-37,2.0035678849418726e-37,O_dominant,O_s,333.15,2.0,False,0.0,3,20.4908124216186,False,8,3,vacant;OOH_dominant;OH_dominant;O_dominant;alkene_dominant;water_dominant;Ha_dominant;Hb_dominant
tiv,not independently validated,360.0,1e-260,333.15,concentration,frozen_gas,frozen_adsorbate,"{'C6H12_g': 1.0, 'H2O2_g': 0.185, 'H2O_g': 0.815, 'C6H12O_g': 1e-20}",CatMAP setup default (no explicit prefactor_list in base file),,H:\catmap\catmap\lyq_alkene_epoxidation\2-creating_microkinetic_model\analysis_ooh\recovery_single_temperature\seeds\tiv\Ha_dominant.pkl,numbers,2.8874453363298896e-85,2.887445336329889566944447177001757893415e-85,-84.53948622886777,-2.8874453363298896e-85,-2.8874453363298896e-85,2.8874453363298896e-85,1.3605466488864015e-46,1.0641158428025406e-51,2.039498359870969e-49,3.929432274969096e-14,Ha_s,0.9999999999988318,8.267962822841635e-53,2.3873290693762985e-137,6.403097094775904e-189,1.8488592844378147e-273,4.774658138752597e-137,1.653592564568327e-52,0.0,2.8874453363298896e-85,insufficient_independent_valid_roots,False,0.0,2.8874453363298896e-85,2.8874453363298896e-85,2.8874453363298896e-85,2.8874453363298896e-85,2.8874453363298896e-85,2.8874453363298896e-85,2.8874453363298896e-85,2.8874453363298896e-85,Ha_dominant,Ha_s,333.15,2.0,False,0.0,1,0.0,False,8,1,vacant;OOH_dominant;OH_dominant;O_dominant;alkene_dominant;water_dominant;Ha_dominant;Hb_dominant
tizr,not independently validated,,,,,,,,,,,,,,,,,,,,,,,,,,,,,,,,insufficient_independent_valid_roots,False,,,,,,,,,,,,,,False,,0,,False,8,0,vacant;OOH_dominant;OH_dominant;O_dominant;alkene_dominant;water_dominant;Ha_dominant;Hb_dominant
titi,not independently validated,360.0,1e-260,333.15,concentration,frozen_gas,frozen_adsorbate,"{'C6H12_g': 1.0, 'H2O2_g': 0.185, 'H2O_g': 0.815, 'C6H12O_g': 1e-20}",CatMAP setup default (no explicit prefactor_list in base file),,H:\catmap\catmap\lyq_alkene_epoxidation\2-creating_microkinetic_model\analysis_ooh\recovery_single_temperature\seeds\titi\vacant.pkl,numbers,5.089220443648563e-39,5.089220443648562873297527738490304675221e-39,-38.29334873690689,-5.089220443648563e-39,-5.089220443648563e-39,5.089220443648563e-39,6.671392095482046e-11,0.1033307339064592,4.111153774290995e-25,4.293368940539034e-15,H2O_s,0.8966692660237059,5.382541229724913e-112,2.73929388650973e-150,6.331660322868976e-178,3.2223215157383255e-216,5.47858777301946e-150,1.0765082459449826e-111,0.0,5.089220443648563e-39,different_valid_steady_state_branches,False,0.0,5.089220443648563e-39,5.089220443648563e-39,5.089220443648563e-39,5.089220443648563e-39,5.089220443648563e-39,5.089220443648563e-39,5.089220443648563e-39,5.089220443648563e-39,vacant,vacant,333.15,2.0,False,0.0,3,88.76956138991379,False,8,3,vacant;OOH_dominant;OH_dominant;O_dominant;alkene_dominant;water_dominant;Ha_dominant;Hb_dominant
tita,not independently validated,360.0,1e-260,333.15,concentration,frozen_gas,frozen_adsorbate,"{'C6H12_g': 1.0, 'H2O2_g': 0.185, 'H2O_g': 0.815, 'C6H12O_g': 1e-20}",CatMAP setup default (no explicit prefactor_list in base file),,H:\catmap\catmap\lyq_alkene_epoxidation\2-creating_microkinetic_model\analysis_ooh\recovery_single_temperature\seeds\tita\O_dominant.pkl,numbers,7.365559472803786e-67,7.365559472803785927898933150393656554643e-67,-66.13279425944955,-7.365559472803786e-67,-7.365559472803786e-67,7.365559472803786e-67,1.292172565365722e-12,4.2940389979333514e-14,0.9999999999876592,1.0494243055137235e-16,O_s,0.9999999999876592,2.7435993893381437e-124,2.0208144471718246e-190,8.150661933255137e-301,0.0,4.041628894343649e-190,5.487198778676287e-124,0.0,7.365559472803786e-67,different_valid_steady_state_branches,False,0.0,7.365559472803786e-67,7.365559472803786e-67,7.365559472803786e-67,7.365559472803786e-67,7.365559472803786e-67,7.365559472803786e-67,7.365559472803786e-67,7.365559472803786e-67,O_dominant,O_s,333.15,2.0,False,0.0,3,16.880202227991234,False,8,3,vacant;OOH_dominant;OH_dominant;O_dominant;alkene_dominant;water_dominant;Ha_dominant;Hb_dominant
ticr,not independently validated,360.0,1e-260,333.15,concentration,frozen_gas,frozen_adsorbate,"{'C6H12_g': 1.0, 'H2O2_g': 0.185, 'H2O_g': 0.815, 'C6H12O_g': 1e-20}",CatMAP setup default (no explicit prefactor_list in base file),,H:\catmap\catmap\lyq_alkene_epoxidation\2-creating_microkinetic_model\analysis_ooh\recovery_single_temperature\seeds\ticr\Ha_dominant.pkl,numbers,2.2001563023991723e-62,2.2001563023991724863772203490768176624e-62,-61.657546465151334,-2.2001563023991723e-62,-2.2001563023991723e-62,2.2001563023991723e-62,6.562274175897753e-40,9.062029735046314e-43,5.629803571981923e-38,1.6258381894642748e-15,Ha_s,0.9999999999980976,7.345983746263857e-91,1.616231243666431e-152,3.010081876424506e-180,6.6226506111529035e-242,3.232462487332861e-152,1.469196749252771e-90,0.0,2.2001563023991723e-62,insufficient_independent_valid_roots,False,0.0,2.2001563023991723e-62,2.2001563023991723e-62,2.2001563023991723e-62,2.2001563023991723e-62,2.2001563023991723e-62,2.2001563023991723e-62,2.2001563023991723e-62,2.2001563023991723e-62,Ha_dominant,Ha_s,333.15,2.0,False,0.0,1,0.0,False,8,1,vacant;OOH_dominant;OH_dominant;O_dominant;alkene_dominant;water_dominant;Ha_dominant;Hb_dominant
