surface,seed_id,dominant_initial_species,temperature_K,pressure,seed_file,adsorbate_order,coverage_vector,numbers_vector,vector_length,site_count,coverage_sum,min_coverage,theta_roundtrip_max_abs_error
timn,vacant,vacant,333.15,1.0,H:\catmap\catmap\lyq_alkene_epoxidation\2-creating_microkinetic_model\analysis_ooh\recovery_single_temperature\seeds\timn\vacant.pkl,C6H12O_s;C6H12_s;H2O2_s;H2O_s;Ha_s;Hb_s;OH_s;OOH_s;O_s,1.0e-12;1.0e-12;1.0e-12;1.0e-12;1.0e-12;1.0e-12;1.0e-12;1.0e-12;1.0e-12;0.999999999991,1.0e-6;1.0e-6;1.0e-6;1.0e-6;1.0e-6;1.0e-6;1.0e-6;1.0e-6;1.0e-6;0.9999999999955,10,1,1.0,1e-12,2.0194839173657902e-28
timn,OOH_dominant,OOH_s,333.15,1.0,H:\catmap\catmap\lyq_alkene_epoxidation\2-creating_microkinetic_model\analysis_ooh\recovery_single_temperature\seeds\timn\OOH_dominant.pkl,C6H12O_s;C6H12_s;H2O2_s;H2O_s;Ha_s;Hb_s;OH_s;OOH_s;O_s,1.0e-12;1.0e-12;1.0e-12;1.0e-12;1.0e-12;1.0e-12;1.0e-12;0.999999999991;1.0e-12;1.0e-12,1.0e-6;1.0e-6;1.0e-6;1.0e-6;1.0e-6;1.0e-6;1.0e-6;0.9999999999955;1.0e-6;1.0e-6,10,1,1.0,1e-12,2.0194839173657902e-28
timn,OH_dominant,OH_s,333.15,1.0,H:\catmap\catmap\lyq_alkene_epoxidation\2-creating_microkinetic_model\analysis_ooh\recovery_single_temperature\seeds\timn\OH_dominant.pkl,C6H12O_s;C6H12_s;H2O2_s;H2O_s;Ha_s;Hb_s;OH_s;OOH_s;O_s,1.0e-12;1.0e-12;1.0e-12;1.0e-12;1.0e-12;1.0e-12;0.999999999991;1.0e-12;1.0e-12;1.0e-12,1.0e-6;1.0e-6;1.0e-6;1.0e-6;1.0e-6;1.0e-6;0.9999999999955;1.0e-6;1.0e-6;1.0e-6,10,1,1.0,1e-12,2.0194839173657902e-28
timn,O_dominant,O_s,333.15,1.0,H:\catmap\catmap\lyq_alkene_epoxidation\2-creating_microkinetic_model\analysis_ooh\recovery_single_temperature\seeds\timn\O_dominant.pkl,C6H12O_s;C6H12_s;H2O2_s;H2O_s;Ha_s;Hb_s;OH_s;OOH_s;O_s,1.0e-12;1.0e-12;1.0e-12;1.0e-12;1.0e-12;1.0e-12;1.0e-12;1.0e-12;0.999999999991;1.0e-12,1.0e-6;1.0e-6;1.0e-6;1.0e-6;1.0e-6;1.0e-6;1.0e-6;1.0e-6;0.9999999999955;1.0e-6,10,1,1.0,1e-12,2.0194839173657902e-28
timn,alkene_dominant,C6H12_s,333.15,1.0,H:\catmap\catmap\lyq_alkene_epoxidation\2-creating_microkinetic_model\analysis_ooh\recovery_single_temperature\seeds\timn\alkene_dominant.pkl,C6H12O_s;C6H12_s;H2O2_s;H2O_s;Ha_s;Hb_s;OH_s;OOH_s;O_s,1.0e-12;0.999999999991;1.0e-12;1.0e-12;1.0e-12;1.0e-12;1.0e-12;1.0e-12;1.0e-12;1.0e-12,1.0e-6;0.9999999999955;1.0e-6;1.0e-6;1.0e-6;1.0e-6;1.0e-6;1.0e-6;1.0e-6;1.0e-6,10,1,1.0,1e-12,2.0194839173657902e-28
timn,water_dominant,H2O_s,333.15,1.0,H:\catmap\catmap\lyq_alkene_epoxidation\2-creating_microkinetic_model\analysis_ooh\recovery_single_temperature\seeds\timn\water_dominant.pkl,C6H12O_s;C6H12_s;H2O2_s;H2O_s;Ha_s;Hb_s;OH_s;OOH_s;O_s,1.0e-12;1.0e-12;1.0e-12;0.999999999991;1.0e-12;1.0e-12;1.0e-12;1.0e-12;1.0e-12;1.0e-12,1.0e-6;1.0e-6;1.0e-6;0.9999999999955;1.0e-6;1.0e-6;1.0e-6;1.0e-6;1.0e-6;1.0e-6,10,1,1.0,1e-12,2.0194839173657902e-28
timn,Ha_dominant,Ha_s,333.15,1.0,H:\catmap\catmap\lyq_alkene_epoxidation\2-creating_microkinetic_model\analysis_ooh\recovery_single_temperature\seeds\timn\Ha_dominant.pkl,C6H12O_s;C6H12_s;H2O2_s;H2O_s;Ha_s;Hb_s;OH_s;OOH_s;O_s,1.0e-12;1.0e-12;1.0e-12;1.0e-12;0.999999999991;1.0e-12;1.0e-12;1.0e-12;1.0e-12;1.0e-12,1.0e-6;1.0e-6;1.0e-6;1.0e-6;0.9999999999955;1.0e-6;1.0e-6;1.0e-6;1.0e-6;1.0e-6,10,1,1.0,1e-12,2.0194839173657902e-28
timn,Hb_dominant,Hb_s,333.15,1.0,H:\catmap\catmap\lyq_alkene_epoxidation\2-creating_microkinetic_model\analysis_ooh\recovery_single_temperature\seeds\timn\Hb_dominant.pkl,C6H12O_s;C6H12_s;H2O2_s;H2O_s;Ha_s;Hb_s;OH_s;OOH_s;O_s,1.0e-12;1.0e-12;1.0e-12;1.0e-12;1.0e-12;0.999999999991;1.0e-12;1.0e-12;1.0e-12;1.0e-12,1.0e-6;1.0e-6;1.0e-6;1.0e-6;1.0e-6;0.9999999999955;1.0e-6;1.0e-6;1.0e-6;1.0e-6,10,1,1.0,1e-12,2.0194839173657902e-28
tihf,vacant,vacant,333.15,1.0,H:\catmap\catmap\lyq_alkene_epoxidation\2-creating_microkinetic_model\analysis_ooh\recovery_single_temperature\seeds\tihf\vacant.pkl,C6H12O_s;C6H12_s;H2O2_s;H2O_s;Ha_s;Hb_s;OH_s;OOH_s;O_s,1.0e-12;1.0e-12;1.0e-12;1.0e-12;1.0e-12;1.0e-12;1.0e-12;1.0e-12;1.0e-12;0.999999999991,1.0e-6;1.0e-6;1.0e-6;1.0e-6;1.0e-6;1.0e-6;1.0e-6;1.0e-6;1.0e-6;0.9999999999955,10,1,1.0,1e-12,2.0194839173657902e-28
tihf,OOH_dominant,OOH_s,333.15,1.0,H:\catmap\catmap\lyq_alkene_epoxidation\2-creating_microkinetic_model\analysis_ooh\recovery_single_temperature\seeds\tihf\OOH_dominant.pkl,C6H12O_s;C6H12_s;H2O2_s;H2O_s;Ha_s;Hb_s;OH_s;OOH_s;O_s,1.0e-12;1.0e-12;1.0e-12;1.0e-12;1.0e-12;1.0e-12;1.0e-12;0.999999999991;1.0e-12;1.0e-12,1.0e-6;1.0e-6;1.0e-6;1.0e-6;1.0e-6;1.0e-6;1.0e-6;0.9999999999955;1.0e-6;1.0e-6,10,1,1.0,1e-12,2.0194839173657902e-28
tihf,OH_dominant,OH_s,333.15,1.0,H:\catmap\catmap\lyq_alkene_epoxidation\2-creating_microkinetic_model\analysis_ooh\recovery_single_temperature\seeds\tihf\OH_dominant.pkl,C6H12O_s;C6H12_s;H2O2_s;H2O_s;Ha_s;Hb_s;OH_s;OOH_s;O_s,1.0e-12;1.0e-12;1.0e-12;1.0e-12;1.0e-12;1.0e-12;0.999999999991;1.0e-12;1.0e-12;1.0e-12,1.0e-6;1.0e-6;1.0e-6;1.0e-6;1.0e-6;1.0e-6;0.9999999999955;1.0e-6;1.0e-6;1.0e-6,10,1,1.0,1e-12,2.0194839173657902e-28
tihf,O_dominant,O_s,333.15,1.0,H:\catmap\catmap\lyq_alkene_epoxidation\2-creating_microkinetic_model\analysis_ooh\recovery_single_temperature\seeds\tihf\O_dominant.pkl,C6H12O_s;C6H12_s;H2O2_s;H2O_s;Ha_s;Hb_s;OH_s;OOH_s;O_s,1.0e-12;1.0e-12;1.0e-12;1.0e-12;1.0e-12;1.0e-12;1.0e-12;1.0e-12;0.999999999991;1.0e-12,1.0e-6;1.0e-6;1.0e-6;1.0e-6;1.0e-6;1.0e-6;1.0e-6;1.0e-6;0.9999999999955;1.0e-6,10,1,1.0,1e-12,2.0194839173657902e-28
tihf,alkene_dominant,C6H12_s,333.15,1.0,H:\catmap\catmap\lyq_alkene_epoxidation\2-creating_microkinetic_model\analysis_ooh\recovery_single_temperature\seeds\tihf\alkene_dominant.pkl,C6H12O_s;C6H12_s;H2O2_s;H2O_s;Ha_s;Hb_s;OH_s;OOH_s;O_s,1.0e-12;0.999999999991;1.0e-12;1.0e-12;1.0e-12;1.0e-12;1.0e-12;1.0e-12;1.0e-12;1.0e-12,1.0e-6;0.9999999999955;1.0e-6;1.0e-6;1.0e-6;1.0e-6;1.0e-6;1.0e-6;1.0e-6;1.0e-6,10,1,1.0,1e-12,2.0194839173657902e-28
tihf,water_dominant,H2O_s,333.15,1.0,H:\catmap\catmap\lyq_alkene_epoxidation\2-creating_microkinetic_model\analysis_ooh\recovery_single_temperature\seeds\tihf\water_dominant.pkl,C6H12O_s;C6H12_s;H2O2_s;H2O_s;Ha_s;Hb_s;OH_s;OOH_s;O_s,1.0e-12;1.0e-12;1.0e-12;0.999999999991;1.0e-12;1.0e-12;1.0e-12;1.0e-12;1.0e-12;1.0e-12,1.0e-6;1.0e-6;1.0e-6;0.9999999999955;1.0e-6;1.0e-6;1.0e-6;1.0e-6;1.0e-6;1.0e-6,10,1,1.0,1e-12,2.0194839173657902e-28
tihf,Ha_dominant,Ha_s,333.15,1.0,H:\catmap\catmap\lyq_alkene_epoxidation\2-creating_microkinetic_model\analysis_ooh\recovery_single_temperature\seeds\tihf\Ha_dominant.pkl,C6H12O_s;C6H12_s;H2O2_s;H2O_s;Ha_s;Hb_s;OH_s;OOH_s;O_s,1.0e-12;1.0e-12;1.0e-12;1.0e-12;0.999999999991;1.0e-12;1.0e-12;1.0e-12;1.0e-12;1.0e-12,1.0e-6;1.0e-6;1.0e-6;1.0e-6;0.9999999999955;1.0e-6;1.0e-6;1.0e-6;1.0e-6;1.0e-6,10,1,1.0,1e-12,2.0194839173657902e-28
tihf,Hb_dominant,Hb_s,333.15,1.0,H:\catmap\catmap\lyq_alkene_epoxidation\2-creating_microkinetic_model\analysis_ooh\recovery_single_temperature\seeds\tihf\Hb_dominant.pkl,C6H12O_s;C6H12_s;H2O2_s;H2O_s;Ha_s;Hb_s;OH_s;OOH_s;O_s,1.0e-12;1.0e-12;1.0e-12;1.0e-12;1.0e-12;0.999999999991;1.0e-12;1.0e-12;1.0e-12;1.0e-12,1.0e-6;1.0e-6;1.0e-6;1.0e-6;1.0e-6;0.9999999999955;1.0e-6;1.0e-6;1.0e-6;1.0e-6,10,1,1.0,1e-12,2.0194839173657902e-28
tire,vacant,vacant,333.15,1.0,H:\catmap\catmap\lyq_alkene_epoxidation\2-creating_microkinetic_model\analysis_ooh\recovery_single_temperature\seeds\tire\vacant.pkl,C6H12O_s;C6H12_s;H2O2_s;H2O_s;Ha_s;Hb_s;OH_s;OOH_s;O_s,1.0e-12;1.0e-12;1.0e-12;1.0e-12;1.0e-12;1.0e-12;1.0e-12;1.0e-12;1.0e-12;0.999999999991,1.0e-6;1.0e-6;1.0e-6;1.0e-6;1.0e-6;1.0e-6;1.0e-6;1.0e-6;1.0e-6;0.9999999999955,10,1,1.0,1e-12,2.0194839173657902e-28
tire,OOH_dominant,OOH_s,333.15,1.0,H:\catmap\catmap\lyq_alkene_epoxidation\2-creating_microkinetic_model\analysis_ooh\recovery_single_temperature\seeds\tire\OOH_dominant.pkl,C6H12O_s;C6H12_s;H2O2_s;H2O_s;Ha_s;Hb_s;OH_s;OOH_s;O_s,1.0e-12;1.0e-12;1.0e-12;1.0e-12;1.0e-12;1.0e-12;1.0e-12;0.999999999991;1.0e-12;1.0e-12,1.0e-6;1.0e-6;1.0e-6;1.0e-6;1.0e-6;1.0e-6;1.0e-6;0.9999999999955;1.0e-6;1.0e-6,10,1,1.0,1e-12,2.0194839173657902e-28
tire,OH_dominant,OH_s,333.15,1.0,H:\catmap\catmap\lyq_alkene_epoxidation\2-creating_microkinetic_model\analysis_ooh\recovery_single_temperature\seeds\tire\OH_dominant.pkl,C6H12O_s;C6H12_s;H2O2_s;H2O_s;Ha_s;Hb_s;OH_s;OOH_s;O_s,1.0e-12;1.0e-12;1.0e-12;1.0e-12;1.0e-12;1.0e-12;0.999999999991;1.0e-12;1.0e-12;1.0e-12,1.0e-6;1.0e-6;1.0e-6;1.0e-6;1.0e-6;1.0e-6;0.9999999999955;1.0e-6;1.0e-6;1.0e-6,10,1,1.0,1e-12,2.0194839173657902e-28
tire,O_dominant,O_s,333.15,1.0,H:\catmap\catmap\lyq_alkene_epoxidation\2-creating_microkinetic_model\analysis_ooh\recovery_single_temperature\seeds\tire\O_dominant.pkl,C6H12O_s;C6H12_s;H2O2_s;H2O_s;Ha_s;Hb_s;OH_s;OOH_s;O_s,1.0e-12;1.0e-12;1.0e-12;1.0e-12;1.0e-12;1.0e-12;1.0e-12;1.0e-12;0.999999999991;1.0e-12,1.0e-6;1.0e-6;1.0e-6;1.0e-6;1.0e-6;1.0e-6;1.0e-6;1.0e-6;0.9999999999955;1.0e-6,10,1,1.0,1e-12,2.0194839173657902e-28
tire,alkene_dominant,C6H12_s,333.15,1.0,H:\catmap\catmap\lyq_alkene_epoxidation\2-creating_microkinetic_model\analysis_ooh\recovery_single_temperature\seeds\tire\alkene_dominant.pkl,C6H12O_s;C6H12_s;H2O2_s;H2O_s;Ha_s;Hb_s;OH_s;OOH_s;O_s,1.0e-12;0.999999999991;1.0e-12;1.0e-12;1.0e-12;1.0e-12;1.0e-12;1.0e-12;1.0e-12;1.0e-12,1.0e-6;0.9999999999955;1.0e-6;1.0e-6;1.0e-6;1.0e-6;1.0e-6;1.0e-6;1.0e-6;1.0e-6,10,1,1.0,1e-12,2.0194839173657902e-28
tire,water_dominant,H2O_s,333.15,1.0,H:\catmap\catmap\lyq_alkene_epoxidation\2-creating_microkinetic_model\analysis_ooh\recovery_single_temperature\seeds\tire\water_dominant.pkl,C6H12O_s;C6H12_s;H2O2_s;H2O_s;Ha_s;Hb_s;OH_s;OOH_s;O_s,1.0e-12;1.0e-12;1.0e-12;0.999999999991;1.0e-12;1.0e-12;1.0e-12;1.0e-12;1.0e-12;1.0e-12,1.0e-6;1.0e-6;1.0e-6;0.9999999999955;1.0e-6;1.0e-6;1.0e-6;1.0e-6;1.0e-6;1.0e-6,10,1,1.0,1e-12,2.0194839173657902e-28
tire,Ha_dominant,Ha_s,333.15,1.0,H:\catmap\catmap\lyq_alkene_epoxidation\2-creating_microkinetic_model\analysis_ooh\recovery_single_temperature\seeds\tire\Ha_dominant.pkl,C6H12O_s;C6H12_s;H2O2_s;H2O_s;Ha_s;Hb_s;OH_s;OOH_s;O_s,1.0e-12;1.0e-12;1.0e-12;1.0e-12;0.999999999991;1.0e-12;1.0e-12;1.0e-12;1.0e-12;1.0e-12,1.0e-6;1.0e-6;1.0e-6;1.0e-6;0.9999999999955;1.0e-6;1.0e-6;1.0e-6;1.0e-6;1.0e-6,10,1,1.0,1e-12,2.0194839173657902e-28
tire,Hb_dominant,Hb_s,333.15,1.0,H:\catmap\catmap\lyq_alkene_epoxidation\2-creating_microkinetic_model\analysis_ooh\recovery_single_temperature\seeds\tire\Hb_dominant.pkl,C6H12O_s;C6H12_s;H2O2_s;H2O_s;Ha_s;Hb_s;OH_s;OOH_s;O_s,1.0e-12;1.0e-12;1.0e-12;1.0e-12;1.0e-12;0.999999999991;1.0e-12;1.0e-12;1.0e-12;1.0e-12,1.0e-6;1.0e-6;1.0e-6;1.0e-6;1.0e-6;0.9999999999955;1.0e-6;1.0e-6;1.0e-6;1.0e-6,10,1,1.0,1e-12,2.0194839173657902e-28
timo,vacant,vacant,333.15,1.0,H:\catmap\catmap\lyq_alkene_epoxidation\2-creating_microkinetic_model\analysis_ooh\recovery_single_temperature\seeds\timo\vacant.pkl,C6H12O_s;C6H12_s;H2O2_s;H2O_s;Ha_s;Hb_s;OH_s;OOH_s;O_s,1.0e-12;1.0e-12;1.0e-12;1.0e-12;1.0e-12;1.0e-12;1.0e-12;1.0e-12;1.0e-12;0.999999999991,1.0e-6;1.0e-6;1.0e-6;1.0e-6;1.0e-6;1.0e-6;1.0e-6;1.0e-6;1.0e-6;0.9999999999955,10,1,1.0,1e-12,2.0194839173657902e-28
timo,OOH_dominant,OOH_s,333.15,1.0,H:\catmap\catmap\lyq_alkene_epoxidation\2-creating_microkinetic_model\analysis_ooh\recovery_single_temperature\seeds\timo\OOH_dominant.pkl,C6H12O_s;C6H12_s;H2O2_s;H2O_s;Ha_s;Hb_s;OH_s;OOH_s;O_s,1.0e-12;1.0e-12;1.0e-12;1.0e-12;1.0e-12;1.0e-12;1.0e-12;0.999999999991;1.0e-12;1.0e-12,1.0e-6;1.0e-6;1.0e-6;1.0e-6;1.0e-6;1.0e-6;1.0e-6;0.9999999999955;1.0e-6;1.0e-6,10,1,1.0,1e-12,2.0194839173657902e-28
timo,OH_dominant,OH_s,333.15,1.0,H:\catmap\catmap\lyq_alkene_epoxidation\2-creating_microkinetic_model\analysis_ooh\recovery_single_temperature\seeds\timo\OH_dominant.pkl,C6H12O_s;C6H12_s;H2O2_s;H2O_s;Ha_s;Hb_s;OH_s;OOH_s;O_s,1.0e-12;1.0e-12;1.0e-12;1.0e-12;1.0e-12;1.0e-12;0.999999999991;1.0e-12;1.0e-12;1.0e-12,1.0e-6;1.0e-6;1.0e-6;1.0e-6;1.0e-6;1.0e-6;0.9999999999955;1.0e-6;1.0e-6;1.0e-6,10,1,1.0,1e-12,2.0194839173657902e-28
timo,O_dominant,O_s,333.15,1.0,H:\catmap\catmap\lyq_alkene_epoxidation\2-creating_microkinetic_model\analysis_ooh\recovery_single_temperature\seeds\timo\O_dominant.pkl,C6H12O_s;C6H12_s;H2O2_s;H2O_s;Ha_s;Hb_s;OH_s;OOH_s;O_s,1.0e-12;1.0e-12;1.0e-12;1.0e-12;1.0e-12;1.0e-12;1.0e-12;1.0e-12;0.999999999991;1.0e-12,1.0e-6;1.0e-6;1.0e-6;1.0e-6;1.0e-6;1.0e-6;1.0e-6;1.0e-6;0.9999999999955;1.0e-6,10,1,1.0,1e-12,2.0194839173657902e-28
timo,alkene_dominant,C6H12_s,333.15,1.0,H:\catmap\catmap\lyq_alkene_epoxidation\2-creating_microkinetic_model\analysis_ooh\recovery_single_temperature\seeds\timo\alkene_dominant.pkl,C6H12O_s;C6H12_s;H2O2_s;H2O_s;Ha_s;Hb_s;OH_s;OOH_s;O_s,1.0e-12;0.999999999991;1.0e-12;1.0e-12;1.0e-12;1.0e-12;1.0e-12;1.0e-12;1.0e-12;1.0e-12,1.0e-6;0.9999999999955;1.0e-6;1.0e-6;1.0e-6;1.0e-6;1.0e-6;1.0e-6;1.0e-6;1.0e-6,10,1,1.0,1e-12,2.0194839173657902e-28
timo,water_dominant,H2O_s,333.15,1.0,H:\catmap\catmap\lyq_alkene_epoxidation\2-creating_microkinetic_model\analysis_ooh\recovery_single_temperature\seeds\timo\water_dominant.pkl,C6H12O_s;C6H12_s;H2O2_s;H2O_s;Ha_s;Hb_s;OH_s;OOH_s;O_s,1.0e-12;1.0e-12;1.0e-12;0.999999999991;1.0e-12;1.0e-12;1.0e-12;1.0e-12;1.0e-12;1.0e-12,1.0e-6;1.0e-6;1.0e-6;0.9999999999955;1.0e-6;1.0e-6;1.0e-6;1.0e-6;1.0e-6;1.0e-6,10,1,1.0,1e-12,2.0194839173657902e-28
timo,Ha_dominant,Ha_s,333.15,1.0,H:\catmap\catmap\lyq_alkene_epoxidation\2-creating_microkinetic_model\analysis_ooh\recovery_single_temperature\seeds\timo\Ha_dominant.pkl,C6H12O_s;C6H12_s;H2O2_s;H2O_s;Ha_s;Hb_s;OH_s;OOH_s;O_s,1.0e-12;1.0e-12;1.0e-12;1.0e-12;0.999999999991;1.0e-12;1.0e-12;1.0e-12;1.0e-12;1.0e-12,1.0e-6;1.0e-6;1.0e-6;1.0e-6;0.9999999999955;1.0e-6;1.0e-6;1.0e-6;1.0e-6;1.0e-6,10,1,1.0,1e-12,2.0194839173657902e-28
timo,Hb_dominant,Hb_s,333.15,1.0,H:\catmap\catmap\lyq_alkene_epoxidation\2-creating_microkinetic_model\analysis_ooh\recovery_single_temperature\seeds\timo\Hb_dominant.pkl,C6H12O_s;C6H12_s;H2O2_s;H2O_s;Ha_s;Hb_s;OH_s;OOH_s;O_s,1.0e-12;1.0e-12;1.0e-12;1.0e-12;1.0e-12;0.999999999991;1.0e-12;1.0e-12;1.0e-12;1.0e-12,1.0e-6;1.0e-6;1.0e-6;1.0e-6;1.0e-6;0.9999999999955;1.0e-6;1.0e-6;1.0e-6;1.0e-6,10,1,1.0,1e-12,2.0194839173657902e-28
tiv,vacant,vacant,333.15,1.0,H:\catmap\catmap\lyq_alkene_epoxidation\2-creating_microkinetic_model\analysis_ooh\recovery_single_temperature\seeds\tiv\vacant.pkl,C6H12O_s;C6H12_s;H2O2_s;H2O_s;Ha_s;Hb_s;OH_s;OOH_s;O_s,1.0e-12;1.0e-12;1.0e-12;1.0e-12;1.0e-12;1.0e-12;1.0e-12;1.0e-12;1.0e-12;0.999999999991,1.0e-6;1.0e-6;1.0e-6;1.0e-6;1.0e-6;1.0e-6;1.0e-6;1.0e-6;1.0e-6;0.9999999999955,10,1,1.0,1e-12,2.0194839173657902e-28
tiv,OOH_dominant,OOH_s,333.15,1.0,H:\catmap\catmap\lyq_alkene_epoxidation\2-creating_microkinetic_model\analysis_ooh\recovery_single_temperature\seeds\tiv\OOH_dominant.pkl,C6H12O_s;C6H12_s;H2O2_s;H2O_s;Ha_s;Hb_s;OH_s;OOH_s;O_s,1.0e-12;1.0e-12;1.0e-12;1.0e-12;1.0e-12;1.0e-12;1.0e-12;0.999999999991;1.0e-12;1.0e-12,1.0e-6;1.0e-6;1.0e-6;1.0e-6;1.0e-6;1.0e-6;1.0e-6;0.9999999999955;1.0e-6;1.0e-6,10,1,1.0,1e-12,2.0194839173657902e-28
tiv,OH_dominant,OH_s,333.15,1.0,H:\catmap\catmap\lyq_alkene_epoxidation\2-creating_microkinetic_model\analysis_ooh\recovery_single_temperature\seeds\tiv\OH_dominant.pkl,C6H12O_s;C6H12_s;H2O2_s;H2O_s;Ha_s;Hb_s;OH_s;OOH_s;O_s,1.0e-12;1.0e-12;1.0e-12;1.0e-12;1.0e-12;1.0e-12;0.999999999991;1.0e-12;1.0e-12;1.0e-12,1.0e-6;1.0e-6;1.0e-6;1.0e-6;1.0e-6;1.0e-6;0.9999999999955;1.0e-6;1.0e-6;1.0e-6,10,1,1.0,1e-12,2.0194839173657902e-28
tiv,O_dominant,O_s,333.15,1.0,H:\catmap\catmap\lyq_alkene_epoxidation\2-creating_microkinetic_model\analysis_ooh\recovery_single_temperature\seeds\tiv\O_dominant.pkl,C6H12O_s;C6H12_s;H2O2_s;H2O_s;Ha_s;Hb_s;OH_s;OOH_s;O_s,1.0e-12;1.0e-12;1.0e-12;1.0e-12;1.0e-12;1.0e-12;1.0e-12;1.0e-12;0.999999999991;1.0e-12,1.0e-6;1.0e-6;1.0e-6;1.0e-6;1.0e-6;1.0e-6;1.0e-6;1.0e-6;0.9999999999955;1.0e-6,10,1,1.0,1e-12,2.0194839173657902e-28
tiv,alkene_dominant,C6H12_s,333.15,1.0,H:\catmap\catmap\lyq_alkene_epoxidation\2-creating_microkinetic_model\analysis_ooh\recovery_single_temperature\seeds\tiv\alkene_dominant.pkl,C6H12O_s;C6H12_s;H2O2_s;H2O_s;Ha_s;Hb_s;OH_s;OOH_s;O_s,1.0e-12;0.999999999991;1.0e-12;1.0e-12;1.0e-12;1.0e-12;1.0e-12;1.0e-12;1.0e-12;1.0e-12,1.0e-6;0.9999999999955;1.0e-6;1.0e-6;1.0e-6;1.0e-6;1.0e-6;1.0e-6;1.0e-6;1.0e-6,10,1,1.0,1e-12,2.0194839173657902e-28
tiv,water_dominant,H2O_s,333.15,1.0,H:\catmap\catmap\lyq_alkene_epoxidation\2-creating_microkinetic_model\analysis_ooh\recovery_single_temperature\seeds\tiv\water_dominant.pkl,C6H12O_s;C6H12_s;H2O2_s;H2O_s;Ha_s;Hb_s;OH_s;OOH_s;O_s,1.0e-12;1.0e-12;1.0e-12;0.999999999991;1.0e-12;1.0e-12;1.0e-12;1.0e-12;1.0e-12;1.0e-12,1.0e-6;1.0e-6;1.0e-6;0.9999999999955;1.0e-6;1.0e-6;1.0e-6;1.0e-6;1.0e-6;1.0e-6,10,1,1.0,1e-12,2.0194839173657902e-28
tiv,Ha_dominant,Ha_s,333.15,1.0,H:\catmap\catmap\lyq_alkene_epoxidation\2-creating_microkinetic_model\analysis_ooh\recovery_single_temperature\seeds\tiv\Ha_dominant.pkl,C6H12O_s;C6H12_s;H2O2_s;H2O_s;Ha_s;Hb_s;OH_s;OOH_s;O_s,1.0e-12;1.0e-12;1.0e-12;1.0e-12;0.999999999991;1.0e-12;1.0e-12;1.0e-12;1.0e-12;1.0e-12,1.0e-6;1.0e-6;1.0e-6;1.0e-6;0.9999999999955;1.0e-6;1.0e-6;1.0e-6;1.0e-6;1.0e-6,10,1,1.0,1e-12,2.0194839173657902e-28
tiv,Hb_dominant,Hb_s,333.15,1.0,H:\catmap\catmap\lyq_alkene_epoxidation\2-creating_microkinetic_model\analysis_ooh\recovery_single_temperature\seeds\tiv\Hb_dominant.pkl,C6H12O_s;C6H12_s;H2O2_s;H2O_s;Ha_s;Hb_s;OH_s;OOH_s;O_s,1.0e-12;1.0e-12;1.0e-12;1.0e-12;1.0e-12;0.999999999991;1.0e-12;1.0e-12;1.0e-12;1.0e-12,1.0e-6;1.0e-6;1.0e-6;1.0e-6;1.0e-6;0.9999999999955;1.0e-6;1.0e-6;1.0e-6;1.0e-6,10,1,1.0,1e-12,2.0194839173657902e-28
tizr,vacant,vacant,333.15,1.0,H:\catmap\catmap\lyq_alkene_epoxidation\2-creating_microkinetic_model\analysis_ooh\recovery_single_temperature\seeds\tizr\vacant.pkl,C6H12O_s;C6H12_s;H2O2_s;H2O_s;Ha_s;Hb_s;OH_s;OOH_s;O_s,1.0e-12;1.0e-12;1.0e-12;1.0e-12;1.0e-12;1.0e-12;1.0e-12;1.0e-12;1.0e-12;0.999999999991,1.0e-6;1.0e-6;1.0e-6;1.0e-6;1.0e-6;1.0e-6;1.0e-6;1.0e-6;1.0e-6;0.9999999999955,10,1,1.0,1e-12,2.0194839173657902e-28
tizr,OOH_dominant,OOH_s,333.15,1.0,H:\catmap\catmap\lyq_alkene_epoxidation\2-creating_microkinetic_model\analysis_ooh\recovery_single_temperature\seeds\tizr\OOH_dominant.pkl,C6H12O_s;C6H12_s;H2O2_s;H2O_s;Ha_s;Hb_s;OH_s;OOH_s;O_s,1.0e-12;1.0e-12;1.0e-12;1.0e-12;1.0e-12;1.0e-12;1.0e-12;0.999999999991;1.0e-12;1.0e-12,1.0e-6;1.0e-6;1.0e-6;1.0e-6;1.0e-6;1.0e-6;1.0e-6;0.9999999999955;1.0e-6;1.0e-6,10,1,1.0,1e-12,2.0194839173657902e-28
tizr,OH_dominant,OH_s,333.15,1.0,H:\catmap\catmap\lyq_alkene_epoxidation\2-creating_microkinetic_model\analysis_ooh\recovery_single_temperature\seeds\tizr\OH_dominant.pkl,C6H12O_s;C6H12_s;H2O2_s;H2O_s;Ha_s;Hb_s;OH_s;OOH_s;O_s,1.0e-12;1.0e-12;1.0e-12;1.0e-12;1.0e-12;1.0e-12;0.999999999991;1.0e-12;1.0e-12;1.0e-12,1.0e-6;1.0e-6;1.0e-6;1.0e-6;1.0e-6;1.0e-6;0.9999999999955;1.0e-6;1.0e-6;1.0e-6,10,1,1.0,1e-12,2.0194839173657902e-28
tizr,O_dominant,O_s,333.15,1.0,H:\catmap\catmap\lyq_alkene_epoxidation\2-creating_microkinetic_model\analysis_ooh\recovery_single_temperature\seeds\tizr\O_dominant.pkl,C6H12O_s;C6H12_s;H2O2_s;H2O_s;Ha_s;Hb_s;OH_s;OOH_s;O_s,1.0e-12;1.0e-12;1.0e-12;1.0e-12;1.0e-12;1.0e-12;1.0e-12;1.0e-12;0.999999999991;1.0e-12,1.0e-6;1.0e-6;1.0e-6;1.0e-6;1.0e-6;1.0e-6;1.0e-6;1.0e-6;0.9999999999955;1.0e-6,10,1,1.0,1e-12,2.0194839173657902e-28
tizr,alkene_dominant,C6H12_s,333.15,1.0,H:\catmap\catmap\lyq_alkene_epoxidation\2-creating_microkinetic_model\analysis_ooh\recovery_single_temperature\seeds\tizr\alkene_dominant.pkl,C6H12O_s;C6H12_s;H2O2_s;H2O_s;Ha_s;Hb_s;OH_s;OOH_s;O_s,1.0e-12;0.999999999991;1.0e-12;1.0e-12;1.0e-12;1.0e-12;1.0e-12;1.0e-12;1.0e-12;1.0e-12,1.0e-6;0.9999999999955;1.0e-6;1.0e-6;1.0e-6;1.0e-6;1.0e-6;1.0e-6;1.0e-6;1.0e-6,10,1,1.0,1e-12,2.0194839173657902e-28
tizr,water_dominant,H2O_s,333.15,1.0,H:\catmap\catmap\lyq_alkene_epoxidation\2-creating_microkinetic_model\analysis_ooh\recovery_single_temperature\seeds\tizr\water_dominant.pkl,C6H12O_s;C6H12_s;H2O2_s;H2O_s;Ha_s;Hb_s;OH_s;OOH_s;O_s,1.0e-12;1.0e-12;1.0e-12;0.999999999991;1.0e-12;1.0e-12;1.0e-12;1.0e-12;1.0e-12;1.0e-12,1.0e-6;1.0e-6;1.0e-6;0.9999999999955;1.0e-6;1.0e-6;1.0e-6;1.0e-6;1.0e-6;1.0e-6,10,1,1.0,1e-12,2.0194839173657902e-28
tizr,Ha_dominant,Ha_s,333.15,1.0,H:\catmap\catmap\lyq_alkene_epoxidation\2-creating_microkinetic_model\analysis_ooh\recovery_single_temperature\seeds\tizr\Ha_dominant.pkl,C6H12O_s;C6H12_s;H2O2_s;H2O_s;Ha_s;Hb_s;OH_s;OOH_s;O_s,1.0e-12;1.0e-12;1.0e-12;1.0e-12;0.999999999991;1.0e-12;1.0e-12;1.0e-12;1.0e-12;1.0e-12,1.0e-6;1.0e-6;1.0e-6;1.0e-6;0.9999999999955;1.0e-6;1.0e-6;1.0e-6;1.0e-6;1.0e-6,10,1,1.0,1e-12,2.0194839173657902e-28
tizr,Hb_dominant,Hb_s,333.15,1.0,H:\catmap\catmap\lyq_alkene_epoxidation\2-creating_microkinetic_model\analysis_ooh\recovery_single_temperature\seeds\tizr\Hb_dominant.pkl,C6H12O_s;C6H12_s;H2O2_s;H2O_s;Ha_s;Hb_s;OH_s;OOH_s;O_s,1.0e-12;1.0e-12;1.0e-12;1.0e-12;1.0e-12;0.999999999991;1.0e-12;1.0e-12;1.0e-12;1.0e-12,1.0e-6;1.0e-6;1.0e-6;1.0e-6;1.0e-6;0.9999999999955;1.0e-6;1.0e-6;1.0e-6;1.0e-6,10,1,1.0,1e-12,2.0194839173657902e-28
titi,vacant,vacant,333.15,1.0,H:\catmap\catmap\lyq_alkene_epoxidation\2-creating_microkinetic_model\analysis_ooh\recovery_single_temperature\seeds\titi\vacant.pkl,C6H12O_s;C6H12_s;H2O2_s;H2O_s;Ha_s;Hb_s;OH_s;OOH_s;O_s,1.0e-12;1.0e-12;1.0e-12;1.0e-12;1.0e-12;1.0e-12;1.0e-12;1.0e-12;1.0e-12;0.999999999991,1.0e-6;1.0e-6;1.0e-6;1.0e-6;1.0e-6;1.0e-6;1.0e-6;1.0e-6;1.0e-6;0.9999999999955,10,1,1.0,1e-12,2.0194839173657902e-28
titi,OOH_dominant,OOH_s,333.15,1.0,H:\catmap\catmap\lyq_alkene_epoxidation\2-creating_microkinetic_model\analysis_ooh\recovery_single_temperature\seeds\titi\OOH_dominant.pkl,C6H12O_s;C6H12_s;H2O2_s;H2O_s;Ha_s;Hb_s;OH_s;OOH_s;O_s,1.0e-12;1.0e-12;1.0e-12;1.0e-12;1.0e-12;1.0e-12;1.0e-12;0.999999999991;1.0e-12;1.0e-12,1.0e-6;1.0e-6;1.0e-6;1.0e-6;1.0e-6;1.0e-6;1.0e-6;0.9999999999955;1.0e-6;1.0e-6,10,1,1.0,1e-12,2.0194839173657902e-28
titi,OH_dominant,OH_s,333.15,1.0,H:\catmap\catmap\lyq_alkene_epoxidation\2-creating_microkinetic_model\analysis_ooh\recovery_single_temperature\seeds\titi\OH_dominant.pkl,C6H12O_s;C6H12_s;H2O2_s;H2O_s;Ha_s;Hb_s;OH_s;OOH_s;O_s,1.0e-12;1.0e-12;1.0e-12;1.0e-12;1.0e-12;1.0e-12;0.999999999991;1.0e-12;1.0e-12;1.0e-12,1.0e-6;1.0e-6;1.0e-6;1.0e-6;1.0e-6;1.0e-6;0.9999999999955;1.0e-6;1.0e-6;1.0e-6,10,1,1.0,1e-12,2.0194839173657902e-28
titi,O_dominant,O_s,333.15,1.0,H:\catmap\catmap\lyq_alkene_epoxidation\2-creating_microkinetic_model\analysis_ooh\recovery_single_temperature\seeds\titi\O_dominant.pkl,C6H12O_s;C6H12_s;H2O2_s;H2O_s;Ha_s;Hb_s;OH_s;OOH_s;O_s,1.0e-12;1.0e-12;1.0e-12;1.0e-12;1.0e-12;1.0e-12;1.0e-12;1.0e-12;0.999999999991;1.0e-12,1.0e-6;1.0e-6;1.0e-6;1.0e-6;1.0e-6;1.0e-6;1.0e-6;1.0e-6;0.9999999999955;1.0e-6,10,1,1.0,1e-12,2.0194839173657902e-28
titi,alkene_dominant,C6H12_s,333.15,1.0,H:\catmap\catmap\lyq_alkene_epoxidation\2-creating_microkinetic_model\analysis_ooh\recovery_single_temperature\seeds\titi\alkene_dominant.pkl,C6H12O_s;C6H12_s;H2O2_s;H2O_s;Ha_s;Hb_s;OH_s;OOH_s;O_s,1.0e-12;0.999999999991;1.0e-12;1.0e-12;1.0e-12;1.0e-12;1.0e-12;1.0e-12;1.0e-12;1.0e-12,1.0e-6;0.9999999999955;1.0e-6;1.0e-6;1.0e-6;1.0e-6;1.0e-6;1.0e-6;1.0e-6;1.0e-6,10,1,1.0,1e-12,2.0194839173657902e-28
titi,water_dominant,H2O_s,333.15,1.0,H:\catmap\catmap\lyq_alkene_epoxidation\2-creating_microkinetic_model\analysis_ooh\recovery_single_temperature\seeds\titi\water_dominant.pkl,C6H12O_s;C6H12_s;H2O2_s;H2O_s;Ha_s;Hb_s;OH_s;OOH_s;O_s,1.0e-12;1.0e-12;1.0e-12;0.999999999991;1.0e-12;1.0e-12;1.0e-12;1.0e-12;1.0e-12;1.0e-12,1.0e-6;1.0e-6;1.0e-6;0.9999999999955;1.0e-6;1.0e-6;1.0e-6;1.0e-6;1.0e-6;1.0e-6,10,1,1.0,1e-12,2.0194839173657902e-28
titi,Ha_dominant,Ha_s,333.15,1.0,H:\catmap\catmap\lyq_alkene_epoxidation\2-creating_microkinetic_model\analysis_ooh\recovery_single_temperature\seeds\titi\Ha_dominant.pkl,C6H12O_s;C6H12_s;H2O2_s;H2O_s;Ha_s;Hb_s;OH_s;OOH_s;O_s,1.0e-12;1.0e-12;1.0e-12;1.0e-12;0.999999999991;1.0e-12;1.0e-12;1.0e-12;1.0e-12;1.0e-12,1.0e-6;1.0e-6;1.0e-6;1.0e-6;0.9999999999955;1.0e-6;1.0e-6;1.0e-6;1.0e-6;1.0e-6,10,1,1.0,1e-12,2.0194839173657902e-28
titi,Hb_dominant,Hb_s,333.15,1.0,H:\catmap\catmap\lyq_alkene_epoxidation\2-creating_microkinetic_model\analysis_ooh\recovery_single_temperature\seeds\titi\Hb_dominant.pkl,C6H12O_s;C6H12_s;H2O2_s;H2O_s;Ha_s;Hb_s;OH_s;OOH_s;O_s,1.0e-12;1.0e-12;1.0e-12;1.0e-12;1.0e-12;0.999999999991;1.0e-12;1.0e-12;1.0e-12;1.0e-12,1.0e-6;1.0e-6;1.0e-6;1.0e-6;1.0e-6;0.9999999999955;1.0e-6;1.0e-6;1.0e-6;1.0e-6,10,1,1.0,1e-12,2.0194839173657902e-28
tita,vacant,vacant,333.15,1.0,H:\catmap\catmap\lyq_alkene_epoxidation\2-creating_microkinetic_model\analysis_ooh\recovery_single_temperature\seeds\tita\vacant.pkl,C6H12O_s;C6H12_s;H2O2_s;H2O_s;Ha_s;Hb_s;OH_s;OOH_s;O_s,1.0e-12;1.0e-12;1.0e-12;1.0e-12;1.0e-12;1.0e-12;1.0e-12;1.0e-12;1.0e-12;0.999999999991,1.0e-6;1.0e-6;1.0e-6;1.0e-6;1.0e-6;1.0e-6;1.0e-6;1.0e-6;1.0e-6;0.9999999999955,10,1,1.0,1e-12,2.0194839173657902e-28
tita,OOH_dominant,OOH_s,333.15,1.0,H:\catmap\catmap\lyq_alkene_epoxidation\2-creating_microkinetic_model\analysis_ooh\recovery_single_temperature\seeds\tita\OOH_dominant.pkl,C6H12O_s;C6H12_s;H2O2_s;H2O_s;Ha_s;Hb_s;OH_s;OOH_s;O_s,1.0e-12;1.0e-12;1.0e-12;1.0e-12;1.0e-12;1.0e-12;1.0e-12;0.999999999991;1.0e-12;1.0e-12,1.0e-6;1.0e-6;1.0e-6;1.0e-6;1.0e-6;1.0e-6;1.0e-6;0.9999999999955;1.0e-6;1.0e-6,10,1,1.0,1e-12,2.0194839173657902e-28
tita,OH_dominant,OH_s,333.15,1.0,H:\catmap\catmap\lyq_alkene_epoxidation\2-creating_microkinetic_model\analysis_ooh\recovery_single_temperature\seeds\tita\OH_dominant.pkl,C6H12O_s;C6H12_s;H2O2_s;H2O_s;Ha_s;Hb_s;OH_s;OOH_s;O_s,1.0e-12;1.0e-12;1.0e-12;1.0e-12;1.0e-12;1.0e-12;0.999999999991;1.0e-12;1.0e-12;1.0e-12,1.0e-6;1.0e-6;1.0e-6;1.0e-6;1.0e-6;1.0e-6;0.9999999999955;1.0e-6;1.0e-6;1.0e-6,10,1,1.0,1e-12,2.0194839173657902e-28
tita,O_dominant,O_s,333.15,1.0,H:\catmap\catmap\lyq_alkene_epoxidation\2-creating_microkinetic_model\analysis_ooh\recovery_single_temperature\seeds\tita\O_dominant.pkl,C6H12O_s;C6H12_s;H2O2_s;H2O_s;Ha_s;Hb_s;OH_s;OOH_s;O_s,1.0e-12;1.0e-12;1.0e-12;1.0e-12;1.0e-12;1.0e-12;1.0e-12;1.0e-12;0.999999999991;1.0e-12,1.0e-6;1.0e-6;1.0e-6;1.0e-6;1.0e-6;1.0e-6;1.0e-6;1.0e-6;0.9999999999955;1.0e-6,10,1,1.0,1e-12,2.0194839173657902e-28
tita,alkene_dominant,C6H12_s,333.15,1.0,H:\catmap\catmap\lyq_alkene_epoxidation\2-creating_microkinetic_model\analysis_ooh\recovery_single_temperature\seeds\tita\alkene_dominant.pkl,C6H12O_s;C6H12_s;H2O2_s;H2O_s;Ha_s;Hb_s;OH_s;OOH_s;O_s,1.0e-12;0.999999999991;1.0e-12;1.0e-12;1.0e-12;1.0e-12;1.0e-12;1.0e-12;1.0e-12;1.0e-12,1.0e-6;0.9999999999955;1.0e-6;1.0e-6;1.0e-6;1.0e-6;1.0e-6;1.0e-6;1.0e-6;1.0e-6,10,1,1.0,1e-12,2.0194839173657902e-28
tita,water_dominant,H2O_s,333.15,1.0,H:\catmap\catmap\lyq_alkene_epoxidation\2-creating_microkinetic_model\analysis_ooh\recovery_single_temperature\seeds\tita\water_dominant.pkl,C6H12O_s;C6H12_s;H2O2_s;H2O_s;Ha_s;Hb_s;OH_s;OOH_s;O_s,1.0e-12;1.0e-12;1.0e-12;0.999999999991;1.0e-12;1.0e-12;1.0e-12;1.0e-12;1.0e-12;1.0e-12,1.0e-6;1.0e-6;1.0e-6;0.9999999999955;1.0e-6;1.0e-6;1.0e-6;1.0e-6;1.0e-6;1.0e-6,10,1,1.0,1e-12,2.0194839173657902e-28
tita,Ha_dominant,Ha_s,333.15,1.0,H:\catmap\catmap\lyq_alkene_epoxidation\2-creating_microkinetic_model\analysis_ooh\recovery_single_temperature\seeds\tita\Ha_dominant.pkl,C6H12O_s;C6H12_s;H2O2_s;H2O_s;Ha_s;Hb_s;OH_s;OOH_s;O_s,1.0e-12;1.0e-12;1.0e-12;1.0e-12;0.999999999991;1.0e-12;1.0e-12;1.0e-12;1.0e-12;1.0e-12,1.0e-6;1.0e-6;1.0e-6;1.0e-6;0.9999999999955;1.0e-6;1.0e-6;1.0e-6;1.0e-6;1.0e-6,10,1,1.0,1e-12,2.0194839173657902e-28
tita,Hb_dominant,Hb_s,333.15,1.0,H:\catmap\catmap\lyq_alkene_epoxidation\2-creating_microkinetic_model\analysis_ooh\recovery_single_temperature\seeds\tita\Hb_dominant.pkl,C6H12O_s;C6H12_s;H2O2_s;H2O_s;Ha_s;Hb_s;OH_s;OOH_s;O_s,1.0e-12;1.0e-12;1.0e-12;1.0e-12;1.0e-12;0.999999999991;1.0e-12;1.0e-12;1.0e-12;1.0e-12,1.0e-6;1.0e-6;1.0e-6;1.0e-6;1.0e-6;0.9999999999955;1.0e-6;1.0e-6;1.0e-6;1.0e-6,10,1,1.0,1e-12,2.0194839173657902e-28
ticr,vacant,vacant,333.15,1.0,H:\catmap\catmap\lyq_alkene_epoxidation\2-creating_microkinetic_model\analysis_ooh\recovery_single_temperature\seeds\ticr\vacant.pkl,C6H12O_s;C6H12_s;H2O2_s;H2O_s;Ha_s;Hb_s;OH_s;OOH_s;O_s,1.0e-12;1.0e-12;1.0e-12;1.0e-12;1.0e-12;1.0e-12;1.0e-12;1.0e-12;1.0e-12;0.999999999991,1.0e-6;1.0e-6;1.0e-6;1.0e-6;1.0e-6;1.0e-6;1.0e-6;1.0e-6;1.0e-6;0.9999999999955,10,1,1.0,1e-12,2.0194839173657902e-28
ticr,OOH_dominant,OOH_s,333.15,1.0,H:\catmap\catmap\lyq_alkene_epoxidation\2-creating_microkinetic_model\analysis_ooh\recovery_single_temperature\seeds\ticr\OOH_dominant.pkl,C6H12O_s;C6H12_s;H2O2_s;H2O_s;Ha_s;Hb_s;OH_s;OOH_s;O_s,1.0e-12;1.0e-12;1.0e-12;1.0e-12;1.0e-12;1.0e-12;1.0e-12;0.999999999991;1.0e-12;1.0e-12,1.0e-6;1.0e-6;1.0e-6;1.0e-6;1.0e-6;1.0e-6;1.0e-6;0.9999999999955;1.0e-6;1.0e-6,10,1,1.0,1e-12,2.0194839173657902e-28
ticr,OH_dominant,OH_s,333.15,1.0,H:\catmap\catmap\lyq_alkene_epoxidation\2-creating_microkinetic_model\analysis_ooh\recovery_single_temperature\seeds\ticr\OH_dominant.pkl,C6H12O_s;C6H12_s;H2O2_s;H2O_s;Ha_s;Hb_s;OH_s;OOH_s;O_s,1.0e-12;1.0e-12;1.0e-12;1.0e-12;1.0e-12;1.0e-12;0.999999999991;1.0e-12;1.0e-12;1.0e-12,1.0e-6;1.0e-6;1.0e-6;1.0e-6;1.0e-6;1.0e-6;0.9999999999955;1.0e-6;1.0e-6;1.0e-6,10,1,1.0,1e-12,2.0194839173657902e-28
ticr,O_dominant,O_s,333.15,1.0,H:\catmap\catmap\lyq_alkene_epoxidation\2-creating_microkinetic_model\analysis_ooh\recovery_single_temperature\seeds\ticr\O_dominant.pkl,C6H12O_s;C6H12_s;H2O2_s;H2O_s;Ha_s;Hb_s;OH_s;OOH_s;O_s,1.0e-12;1.0e-12;1.0e-12;1.0e-12;1.0e-12;1.0e-12;1.0e-12;1.0e-12;0.999999999991;1.0e-12,1.0e-6;1.0e-6;1.0e-6;1.0e-6;1.0e-6;1.0e-6;1.0e-6;1.0e-6;0.9999999999955;1.0e-6,10,1,1.0,1e-12,2.0194839173657902e-28
ticr,alkene_dominant,C6H12_s,333.15,1.0,H:\catmap\catmap\lyq_alkene_epoxidation\2-creating_microkinetic_model\analysis_ooh\recovery_single_temperature\seeds\ticr\alkene_dominant.pkl,C6H12O_s;C6H12_s;H2O2_s;H2O_s;Ha_s;Hb_s;OH_s;OOH_s;O_s,1.0e-12;0.999999999991;1.0e-12;1.0e-12;1.0e-12;1.0e-12;1.0e-12;1.0e-12;1.0e-12;1.0e-12,1.0e-6;0.9999999999955;1.0e-6;1.0e-6;1.0e-6;1.0e-6;1.0e-6;1.0e-6;1.0e-6;1.0e-6,10,1,1.0,1e-12,2.0194839173657902e-28
ticr,water_dominant,H2O_s,333.15,1.0,H:\catmap\catmap\lyq_alkene_epoxidation\2-creating_microkinetic_model\analysis_ooh\recovery_single_temperature\seeds\ticr\water_dominant.pkl,C6H12O_s;C6H12_s;H2O2_s;H2O_s;Ha_s;Hb_s;OH_s;OOH_s;O_s,1.0e-12;1.0e-12;1.0e-12;0.999999999991;1.0e-12;1.0e-12;1.0e-12;1.0e-12;1.0e-12;1.0e-12,1.0e-6;1.0e-6;1.0e-6;0.9999999999955;1.0e-6;1.0e-6;1.0e-6;1.0e-6;1.0e-6;1.0e-6,10,1,1.0,1e-12,2.0194839173657902e-28
ticr,Ha_dominant,Ha_s,333.15,1.0,H:\catmap\catmap\lyq_alkene_epoxidation\2-creating_microkinetic_model\analysis_ooh\recovery_single_temperature\seeds\ticr\Ha_dominant.pkl,C6H12O_s;C6H12_s;H2O2_s;H2O_s;Ha_s;Hb_s;OH_s;OOH_s;O_s,1.0e-12;1.0e-12;1.0e-12;1.0e-12;0.999999999991;1.0e-12;1.0e-12;1.0e-12;1.0e-12;1.0e-12,1.0e-6;1.0e-6;1.0e-6;1.0e-6;0.9999999999955;1.0e-6;1.0e-6;1.0e-6;1.0e-6;1.0e-6,10,1,1.0,1e-12,2.0194839173657902e-28
ticr,Hb_dominant,Hb_s,333.15,1.0,H:\catmap\catmap\lyq_alkene_epoxidation\2-creating_microkinetic_model\analysis_ooh\recovery_single_temperature\seeds\ticr\Hb_dominant.pkl,C6H12O_s;C6H12_s;H2O2_s;H2O_s;Ha_s;Hb_s;OH_s;OOH_s;O_s,1.0e-12;1.0e-12;1.0e-12;1.0e-12;1.0e-12;0.999999999991;1.0e-12;1.0e-12;1.0e-12;1.0e-12,1.0e-6;1.0e-6;1.0e-6;1.0e-6;1.0e-6;0.9999999999955;1.0e-6;1.0e-6;1.0e-6;1.0e-6,10,1,1.0,1e-12,2.0194839173657902e-28
